list,word,status,unit
NGSL,a,pendiente,
NGSL,abandon,pendiente,
NGSL,ability,pendiente,
NGSL,able,pendiente,
NGSL,abortion,pendiente,
NGSL,about,pendiente,
NGSL,above,pendiente,
NGSL,abroad,pendiente,
NGSL,absence,pendiente,
NGSL,absolute,pendiente,
NGSL,absolutely,pendiente,
NGSL,abstract,pendiente,
NGSL,abuse,pendiente,
NGSL,academic,pendiente,
NGSL,accept,pendiente,
NGSL,acceptable,pendiente,
NGSL,access,pendiente,
NGSL,accident,pendiente,
NGSL,accommodation,pendiente,
NGSL,accompany,pendiente,
NGSL,accomplish,pendiente,
NGSL,accord,pendiente,
NGSL,account,pendiente,
NGSL,accurate,pendiente,
NGSL,accuse,pendiente,
NGSL,achieve,pendiente,
NGSL,achievement,pendiente,
NGSL,acknowledge,pendiente,
NGSL,acquire,pendiente,
NGSL,acquisition,pendiente,
NGSL,across,pendiente,
NGSL,act,pendiente,
NGSL,action,pendiente,
NGSL,active,pendiente,
NGSL,activity,pendiente,
NGSL,actor,pendiente,
NGSL,actual,pendiente,
NGSL,actually,pendiente,
NGSL,ad,pendiente,
NGSL,adapt,pendiente,
NGSL,add,pendiente,
NGSL,addition,pendiente,
NGSL,additional,pendiente,
NGSL,address,pendiente,
NGSL,adequate,pendiente,
NGSL,adjust,pendiente,
NGSL,adjustment,pendiente,
NGSL,administration,pendiente,
NGSL,admire,pendiente,
NGSL,admit,pendiente,
NGSL,adopt,pendiente,
NGSL,adult,pendiente,
NGSL,advance,pendiente,
NGSL,advantage,pendiente,
NGSL,adventure,pendiente,
NGSL,advertise,pendiente,
NGSL,advertisement,pendiente,
NGSL,advice,pendiente,
NGSL,advise,pendiente,
NGSL,adviser,pendiente,
NGSL,advocate,pendiente,
NGSL,affair,pendiente,
NGSL,affect,pendiente,
NGSL,afford,pendiente,
NGSL,afraid,pendiente,
NGSL,after,pendiente,
NGSL,afternoon,pendiente,
NGSL,again,pendiente,
NGSL,against,pendiente,
NGSL,age,pendiente,
NGSL,agency,pendiente,
NGSL,agenda,pendiente,
NGSL,agent,pendiente,
NGSL,aggressive,pendiente,
NGSL,ago,pendiente,
NGSL,agree,pendiente,
NGSL,agreement,pendiente,
NGSL,agricultural,pendiente,
NGSL,ahead,pendiente,
NGSL,aid,pendiente,
NGSL,aim,pendiente,
NGSL,air,pendiente,
NGSL,aircraft,pendiente,
NGSL,airline,pendiente,
NGSL,alarm,pendiente,
NGSL,album,pendiente,
NGSL,alcohol,pendiente,
NGSL,alive,pendiente,
NGSL,all,pendiente,
NGSL,allege,pendiente,
NGSL,allow,pendiente,
NGSL,ally,pendiente,
NGSL,almost,pendiente,
NGSL,alone,pendiente,
NGSL,along,pendiente,
NGSL,alongside,pendiente,
NGSL,already,pendiente,
NGSL,alright,pendiente,
NGSL,also,pendiente,
NGSL,alter,pendiente,
NGSL,alternative,pendiente,
NGSL,although,pendiente,
NGSL,altogether,pendiente,
NGSL,always,pendiente,
NGSL,amaze,pendiente,
NGSL,amendment,pendiente,
NGSL,among,pendiente,
NGSL,amount,pendiente,
NGSL,analysis,pendiente,
NGSL,analyst,pendiente,
NGSL,analyze,pendiente,
NGSL,ancient,pendiente,
NGSL,and,pendiente,
NGSL,anger,pendiente,
NGSL,angle,pendiente,
NGSL,angry,pendiente,
NGSL,animal,pendiente,
NGSL,announce,pendiente,
NGSL,announcement,pendiente,
NGSL,annual,pendiente,
NGSL,another,pendiente,
NGSL,answer,pendiente,
NGSL,anticipate,pendiente,
NGSL,anxiety,pendiente,
NGSL,anxious,pendiente,
NGSL,any,pendiente,
NGSL,anybody,pendiente,
NGSL,anymore,pendiente,
NGSL,anyone,pendiente,
NGSL,anything,pendiente,
NGSL,anyway,pendiente,
NGSL,anywhere,pendiente,
NGSL,apart,pendiente,
NGSL,apartment,pendiente,
NGSL,apologize,pendiente,
NGSL,apparent,pendiente,
NGSL,apparently,pendiente,
NGSL,appeal,pendiente,
NGSL,appear,pendiente,
NGSL,appearance,pendiente,
NGSL,application,pendiente,
NGSL,apply,pendiente,
NGSL,appoint,pendiente,
NGSL,appointment,pendiente,
NGSL,appreciate,pendiente,
NGSL,approach,pendiente,
NGSL,appropriate,pendiente,
NGSL,approval,pendiente,
NGSL,approve,pendiente,
NGSL,approximately,pendiente,
NGSL,architecture,pendiente,
NGSL,area,pendiente,
NGSL,argue,pendiente,
NGSL,argument,pendiente,
NGSL,arise,pendiente,
NGSL,arm,pendiente,
NGSL,army,pendiente,
NGSL,around,pendiente,
NGSL,arrange,pendiente,
NGSL,arrangement,pendiente,
NGSL,arrest,pendiente,
NGSL,arrival,pendiente,
NGSL,arrive,pendiente,
NGSL,art,pendiente,
NGSL,article,pendiente,
NGSL,artist,pendiente,
NGSL,as,pendiente,
NGSL,ashamed,pendiente,
NGSL,aside,pendiente,
NGSL,ask,pendiente,
NGSL,assess,pendiente,
NGSL,assessment,pendiente,
NGSL,asset,pendiente,
NGSL,assign,pendiente,
NGSL,assist,pendiente,
NGSL,assistance,pendiente,
NGSL,assistant,pendiente,
NGSL,associate,pendiente,
NGSL,association,pendiente,
NGSL,assume,pendiente,
NGSL,assumption,pendiente,
NGSL,assure,pendiente,
NGSL,at,pendiente,
NGSL,athlete,pendiente,
NGSL,atmosphere,pendiente,
NGSL,attach,pendiente,
NGSL,attachment,pendiente,
NGSL,attack,pendiente,
NGSL,attempt,pendiente,
NGSL,attend,pendiente,
NGSL,attendance,pendiente,
NGSL,attention,pendiente,
NGSL,attitude,pendiente,
NGSL,attract,pendiente,
NGSL,attraction,pendiente,
NGSL,attractive,pendiente,
NGSL,attribute,pendiente,
NGSL,audience,pendiente,
NGSL,aunt,pendiente,
NGSL,author,pendiente,
NGSL,automatically,pendiente,
NGSL,autumn,pendiente,
NGSL,available,pendiente,
NGSL,average,pendiente,
NGSL,avoid,pendiente,
NGSL,award,pendiente,
NGSL,aware,pendiente,
NGSL,awareness,pendiente,
NGSL,away,pendiente,
NGSL,awful,pendiente,
NGSL,baby,pendiente,
NGSL,back,pendiente,
NGSL,background,pendiente,
NGSL,bad,pendiente,
NGSL,badly,pendiente,
NGSL,bag,pendiente,
NGSL,balance,pendiente,
NGSL,ball,pendiente,
NGSL,ban,pendiente,
NGSL,band,pendiente,
NGSL,bank,pendiente,
NGSL,bar,pendiente,
NGSL,barely,pendiente,
NGSL,barrier,pendiente,
NGSL,base,pendiente,
NGSL,basic,pendiente,
NGSL,basically,pendiente,
NGSL,basis,pendiente,
NGSL,bath,pendiente,
NGSL,battle,pendiente,
NGSL,be,pendiente,
NGSL,beach,pendiente,
NGSL,bear,pendiente,
NGSL,beat,pendiente,
NGSL,beautiful,pendiente,
NGSL,beauty,pendiente,
NGSL,because,pendiente,
NGSL,become,pendiente,
NGSL,bed,pendiente,
NGSL,bedroom,pendiente,
NGSL,beer,pendiente,
NGSL,before,pendiente,
NGSL,begin,pendiente,
NGSL,behave,pendiente,
NGSL,behavior,pendiente,
NGSL,behind,pendiente,
NGSL,belief,pendiente,
NGSL,believe,pendiente,
NGSL,bell,pendiente,
NGSL,belong,pendiente,
NGSL,below,pendiente,
NGSL,belt,pendiente,
NGSL,bend,pendiente,
NGSL,beneath,pendiente,
NGSL,benefit,pendiente,
NGSL,beside,pendiente,
NGSL,besides,pendiente,
NGSL,bet,pendiente,
NGSL,between,pendiente,
NGSL,beyond,pendiente,
NGSL,bias,pendiente,
NGSL,bid,pendiente,
NGSL,big,pendiente,
NGSL,bike,pendiente,
NGSL,bill,pendiente,
NGSL,bin,pendiente,
NGSL,bind,pendiente,
NGSL,biological,pendiente,
NGSL,bird,pendiente,
NGSL,birth,pendiente,
NGSL,bit,pendiente,
NGSL,bite,pendiente,
NGSL,black,pendiente,
NGSL,blame,pendiente,
NGSL,bless,pendiente,
NGSL,blind,pendiente,
NGSL,block,pendiente,
NGSL,blog,pendiente,
NGSL,blood,pendiente,
NGSL,bloody,pendiente,
NGSL,blow,pendiente,
NGSL,blue,pendiente,
NGSL,board,pendiente,
NGSL,boat,pendiente,
NGSL,body,pendiente,
NGSL,bomb,pendiente,
NGSL,bond,pendiente,
NGSL,bone,pendiente,
NGSL,book,pendiente,
NGSL,boom,pendiente,
NGSL,boost,pendiente,
NGSL,boot,pendiente,
NGSL,border,pendiente,
NGSL,bore,pendiente,
NGSL,borrow,pendiente,
NGSL,boss,pendiente,
NGSL,both,pendiente,
NGSL,bother,pendiente,
NGSL,bottle,pendiente,
NGSL,bottom,pendiente,
NGSL,boundary,pendiente,
NGSL,bowl,pendiente,
NGSL,box,pendiente,
NGSL,boy,pendiente,
NGSL,brain,pendiente,
NGSL,branch,pendiente,
NGSL,brand,pendiente,
NGSL,bread,pendiente,
NGSL,break,pendiente,
NGSL,breakfast,pendiente,
NGSL,breast,pendiente,
NGSL,breath,pendiente,
NGSL,breathe,pendiente,
NGSL,breed,pendiente,
NGSL,bridge,pendiente,
NGSL,brief,pendiente,
NGSL,briefly,pendiente,
NGSL,bright,pendiente,
NGSL,brilliant,pendiente,
NGSL,bring,pendiente,
NGSL,broad,pendiente,
NGSL,broadcast,pendiente,
NGSL,brother,pendiente,
NGSL,brown,pendiente,
NGSL,brush,pendiente,
NGSL,budget,pendiente,
NGSL,build,pendiente,
NGSL,bunch,pendiente,
NGSL,burden,pendiente,
NGSL,burn,pendiente,
NGSL,burst,pendiente,
NGSL,bury,pendiente,
NGSL,bus,pendiente,
NGSL,business,pendiente,
NGSL,busy,pendiente,
NGSL,but,pendiente,
NGSL,button,pendiente,
NGSL,buy,pendiente,
NGSL,buyer,pendiente,
NGSL,by,pendiente,
NGSL,cable,pendiente,
NGSL,cake,pendiente,
NGSL,calculate,pendiente,
NGSL,call,pendiente,
NGSL,calm,pendiente,
NGSL,camera,pendiente,
NGSL,camp,pendiente,
NGSL,campaign,pendiente,
NGSL,can,pendiente,
NGSL,cancel,pendiente,
NGSL,cancer,pendiente,
NGSL,candidate,pendiente,
NGSL,cap,pendiente,
NGSL,capability,pendiente,
NGSL,capable,pendiente,
NGSL,capacity,pendiente,
NGSL,capital,pendiente,
NGSL,capture,pendiente,
NGSL,car,pendiente,
NGSL,carbon,pendiente,
NGSL,card,pendiente,
NGSL,care,pendiente,
NGSL,career,pendiente,
NGSL,careful,pendiente,
NGSL,carefully,pendiente,
NGSL,carpet,pendiente,
NGSL,carry,pendiente,
NGSL,case,pendiente,
NGSL,cash,pendiente,
NGSL,cast,pendiente,
NGSL,castle,pendiente,
NGSL,cat,pendiente,
NGSL,catalog,pendiente,
NGSL,catch,pendiente,
NGSL,category,pendiente,
NGSL,cause,pendiente,
NGSL,celebrate,pendiente,
NGSL,celebration,pendiente,
NGSL,cell,pendiente,
NGSL,cent,pendiente,
NGSL,center,pendiente,
NGSL,central,pendiente,
NGSL,century,pendiente,
NGSL,ceremony,pendiente,
NGSL,certain,pendiente,
NGSL,certainly,pendiente,
NGSL,chain,pendiente,
NGSL,chair,pendiente,
NGSL,chairman,pendiente,
NGSL,challenge,pendiente,
NGSL,chamber,pendiente,
NGSL,champion,pendiente,
NGSL,championship,pendiente,
NGSL,chance,pendiente,
NGSL,change,pendiente,
NGSL,channel,pendiente,
NGSL,chapter,pendiente,
NGSL,character,pendiente,
NGSL,characteristic,pendiente,
NGSL,characterize,pendiente,
NGSL,charge,pendiente,
NGSL,charity,pendiente,
NGSL,charm,pendiente,
NGSL,chart,pendiente,
NGSL,chase,pendiente,
NGSL,chat,pendiente,
NGSL,cheap,pendiente,
NGSL,check,pendiente,
NGSL,cheek,pendiente,
NGSL,cheese,pendiente,
NGSL,chemical,pendiente,
NGSL,chest,pendiente,
NGSL,chicken,pendiente,
NGSL,chief,pendiente,
NGSL,child,pendiente,
NGSL,childhood,pendiente,
NGSL,chip,pendiente,
NGSL,chocolate,pendiente,
NGSL,choice,pendiente,
NGSL,choose,pendiente,
NGSL,church,pendiente,
NGSL,cigarette,pendiente,
NGSL,circle,pendiente,
NGSL,circumstance,pendiente,
NGSL,cite,pendiente,
NGSL,citizen,pendiente,
NGSL,city,pendiente,
NGSL,civil,pendiente,
NGSL,civilian,pendiente,
NGSL,claim,pendiente,
NGSL,class,pendiente,
NGSL,classic,pendiente,
NGSL,classical,pendiente,
NGSL,clause,pendiente,
NGSL,clean,pendiente,
NGSL,clear,pendiente,
NGSL,clearly,pendiente,
NGSL,click,pendiente,
NGSL,climate,pendiente,
NGSL,climb,pendiente,
NGSL,clinical,pendiente,
NGSL,clock,pendiente,
NGSL,close,pendiente,
NGSL,closely,pendiente,
NGSL,clothes,pendiente,
NGSL,clothing,pendiente,
NGSL,cloud,pendiente,
NGSL,club,pendiente,
NGSL,cluster,pendiente,
NGSL,coach,pendiente,
NGSL,coal,pendiente,
NGSL,coast,pendiente,
NGSL,coat,pendiente,
NGSL,code,pendiente,
NGSL,coffee,pendiente,
NGSL,coin,pendiente,
NGSL,cold,pendiente,
NGSL,collapse,pendiente,
NGSL,colleague,pendiente,
NGSL,collect,pendiente,
NGSL,collection,pendiente,
NGSL,college,pendiente,
NGSL,color,pendiente,
NGSL,column,pendiente,
NGSL,combination,pendiente,
NGSL,combine,pendiente,
NGSL,come,pendiente,
NGSL,comedy,pendiente,
NGSL,comfort,pendiente,
NGSL,comfortable,pendiente,
NGSL,command,pendiente,
NGSL,comment,pendiente,
NGSL,commercial,pendiente,
NGSL,commission,pendiente,
NGSL,commit,pendiente,
NGSL,commitment,pendiente,
NGSL,committee,pendiente,
NGSL,common,pendiente,
NGSL,communicate,pendiente,
NGSL,communication,pendiente,
NGSL,community,pendiente,
NGSL,company,pendiente,
NGSL,compare,pendiente,
NGSL,comparison,pendiente,
NGSL,compensation,pendiente,
NGSL,compete,pendiente,
NGSL,competition,pendiente,
NGSL,competitive,pendiente,
NGSL,competitor,pendiente,
NGSL,complain,pendiente,
NGSL,complaint,pendiente,
NGSL,complete,pendiente,
NGSL,completely,pendiente,
NGSL,complex,pendiente,
NGSL,complexity,pendiente,
NGSL,complicate,pendiente,
NGSL,component,pendiente,
NGSL,compose,pendiente,
NGSL,composition,pendiente,
NGSL,compound,pendiente,
NGSL,comprehensive,pendiente,
NGSL,comprise,pendiente,
NGSL,compromise,pendiente,
NGSL,compute,pendiente,
NGSL,computer,pendiente,
NGSL,concentrate,pendiente,
NGSL,concentration,pendiente,
NGSL,concept,pendiente,
NGSL,concern,pendiente,
NGSL,concert,pendiente,
NGSL,conclude,pendiente,
NGSL,conclusion,pendiente,
NGSL,concrete,pendiente,
NGSL,condition,pendiente,
NGSL,conduct,pendiente,
NGSL,conference,pendiente,
NGSL,confidence,pendiente,
NGSL,confident,pendiente,
NGSL,confirm,pendiente,
NGSL,conflict,pendiente,
NGSL,confuse,pendiente,
NGSL,confusion,pendiente,
NGSL,connect,pendiente,
NGSL,connection,pendiente,
NGSL,consequence,pendiente,
NGSL,consequently,pendiente,
NGSL,conservative,pendiente,
NGSL,consider,pendiente,
NGSL,considerable,pendiente,
NGSL,consideration,pendiente,
NGSL,consist,pendiente,
NGSL,consistent,pendiente,
NGSL,constant,pendiente,
NGSL,constantly,pendiente,
NGSL,constitute,pendiente,
NGSL,constraint,pendiente,
NGSL,construct,pendiente,
NGSL,construction,pendiente,
NGSL,consult,pendiente,
NGSL,consultant,pendiente,
NGSL,consume,pendiente,
NGSL,consumer,pendiente,
NGSL,contact,pendiente,
NGSL,contain,pendiente,
NGSL,contemporary,pendiente,
NGSL,content,pendiente,
NGSL,contest,pendiente,
NGSL,context,pendiente,
NGSL,continue,pendiente,
NGSL,continuous,pendiente,
NGSL,contract,pendiente,
NGSL,contrast,pendiente,
NGSL,contribute,pendiente,
NGSL,contribution,pendiente,
NGSL,control,pendiente,
NGSL,controversial,pendiente,
NGSL,convention,pendiente,
NGSL,conventional,pendiente,
NGSL,conversation,pendiente,
NGSL,convert,pendiente,
NGSL,convince,pendiente,
NGSL,cook,pendiente,
NGSL,cool,pendiente,
NGSL,cooperation,pendiente,
NGSL,cope,pendiente,
NGSL,copy,pendiente,
NGSL,core,pendiente,
NGSL,corner,pendiente,
NGSL,corporate,pendiente,
NGSL,corporation,pendiente,
NGSL,correct,pendiente,
NGSL,correspond,pendiente,
NGSL,cost,pendiente,
NGSL,cough,pendiente,
NGSL,could,pendiente,
NGSL,council,pendiente,
NGSL,counsel,pendiente,
NGSL,count,pendiente,
NGSL,counter,pendiente,
NGSL,country,pendiente,
NGSL,county,pendiente,
NGSL,couple,pendiente,
NGSL,course,pendiente,
NGSL,court,pendiente,
NGSL,cousin,pendiente,
NGSL,cover,pendiente,
NGSL,coverage,pendiente,
NGSL,cow,pendiente,
NGSL,crack,pendiente,
NGSL,craft,pendiente,
NGSL,crash,pendiente,
NGSL,crazy,pendiente,
NGSL,cream,pendiente,
NGSL,create,pendiente,
NGSL,creation,pendiente,
NGSL,creative,pendiente,
NGSL,creature,pendiente,
NGSL,credit,pendiente,
NGSL,crew,pendiente,
NGSL,crime,pendiente,
NGSL,criminal,pendiente,
NGSL,crisis,pendiente,
NGSL,criteria,pendiente,
NGSL,critic,pendiente,
NGSL,critical,pendiente,
NGSL,criticism,pendiente,
NGSL,criticize,pendiente,
NGSL,crop,pendiente,
NGSL,cross,pendiente,
NGSL,crowd,pendiente,
NGSL,crucial,pendiente,
NGSL,cry,pendiente,
NGSL,cultural,pendiente,
NGSL,culture,pendiente,
NGSL,cup,pendiente,
NGSL,curious,pendiente,
NGSL,currency,pendiente,
NGSL,current,pendiente,
NGSL,currently,pendiente,
NGSL,curtain,pendiente,
NGSL,curve,pendiente,
NGSL,custom,pendiente,
NGSL,customer,pendiente,
NGSL,cut,pendiente,
NGSL,cycle,pendiente,
NGSL,dad,pendiente,
NGSL,daily,pendiente,
NGSL,damage,pendiente,
NGSL,damn,pendiente,
NGSL,dance,pendiente,
NGSL,danger,pendiente,
NGSL,dangerous,pendiente,
NGSL,dare,pendiente,
NGSL,dark,pendiente,
NGSL,darkness,pendiente,
NGSL,data,pendiente,
NGSL,database,pendiente,
NGSL,date,pendiente,
NGSL,daughter,pendiente,
NGSL,day,pendiente,
NGSL,dead,pendiente,
NGSL,deal,pendiente,
NGSL,dealer,pendiente,
NGSL,dear,pendiente,
NGSL,death,pendiente,
NGSL,debate,pendiente,
NGSL,debt,pendiente,
NGSL,decade,pendiente,
NGSL,decide,pendiente,
NGSL,decision,pendiente,
NGSL,declare,pendiente,
NGSL,decline,pendiente,
NGSL,decrease,pendiente,
NGSL,dedicate,pendiente,
NGSL,deep,pendiente,
NGSL,deeply,pendiente,
NGSL,defeat,pendiente,
NGSL,defend,pendiente,
NGSL,defense,pendiente,
NGSL,deficit,pendiente,
NGSL,define,pendiente,
NGSL,definitely,pendiente,
NGSL,definition,pendiente,
NGSL,degree,pendiente,
NGSL,delay,pendiente,
NGSL,delight,pendiente,
NGSL,deliver,pendiente,
NGSL,delivery,pendiente,
NGSL,demand,pendiente,
NGSL,democracy,pendiente,
NGSL,democratic,pendiente,
NGSL,demonstrate,pendiente,
NGSL,demonstration,pendiente,
NGSL,density,pendiente,
NGSL,deny,pendiente,
NGSL,department,pendiente,
NGSL,depend,pendiente,
NGSL,dependent,pendiente,
NGSL,deposit,pendiente,
NGSL,depress,pendiente,
NGSL,depression,pendiente,
NGSL,depth,pendiente,
NGSL,derive,pendiente,
NGSL,describe,pendiente,
NGSL,description,pendiente,
NGSL,desert,pendiente,
NGSL,deserve,pendiente,
NGSL,design,pendiente,
NGSL,designer,pendiente,
NGSL,desire,pendiente,
NGSL,desk,pendiente,
NGSL,despite,pendiente,
NGSL,destroy,pendiente,
NGSL,destruction,pendiente,
NGSL,detail,pendiente,
NGSL,detect,pendiente,
NGSL,determination,pendiente,
NGSL,determine,pendiente,
NGSL,develop,pendiente,
NGSL,development,pendiente,
NGSL,device,pendiente,
NGSL,devote,pendiente,
NGSL,dialog,pendiente,
NGSL,die,pendiente,
NGSL,diet,pendiente,
NGSL,differ,pendiente,
NGSL,difference,pendiente,
NGSL,different,pendiente,
NGSL,differently,pendiente,
NGSL,difficult,pendiente,
NGSL,difficulty,pendiente,
NGSL,dig,pendiente,
NGSL,digital,pendiente,
NGSL,dimension,pendiente,
NGSL,dinner,pendiente,
NGSL,direct,pendiente,
NGSL,direction,pendiente,
NGSL,directly,pendiente,
NGSL,director,pendiente,
NGSL,dirty,pendiente,
NGSL,disagree,pendiente,
NGSL,disappear,pendiente,
NGSL,disappoint,pendiente,
NGSL,disaster,pendiente,
NGSL,discipline,pendiente,
NGSL,discount,pendiente,
NGSL,discover,pendiente,
NGSL,discovery,pendiente,
NGSL,discuss,pendiente,
NGSL,discussion,pendiente,
NGSL,disease,pendiente,
NGSL,dish,pendiente,
NGSL,disk,pendiente,
NGSL,dismiss,pendiente,
NGSL,disorder,pendiente,
NGSL,display,pendiente,
NGSL,dispute,pendiente,
NGSL,distance,pendiente,
NGSL,distant,pendiente,
NGSL,distinct,pendiente,
NGSL,distinction,pendiente,
NGSL,distinguish,pendiente,
NGSL,distribute,pendiente,
NGSL,district,pendiente,
NGSL,disturb,pendiente,
NGSL,diversity,pendiente,
NGSL,divide,pendiente,
NGSL,division,pendiente,
NGSL,divorce,pendiente,
NGSL,do,pendiente,
NGSL,doctor,pendiente,
NGSL,document,pendiente,
NGSL,dog,pendiente,
NGSL,dollar,pendiente,
NGSL,domestic,pendiente,
NGSL,dominate,pendiente,
NGSL,door,pendiente,
NGSL,double,pendiente,
NGSL,doubt,pendiente,
NGSL,down,pendiente,
NGSL,dozen,pendiente,
NGSL,draft,pendiente,
NGSL,drag,pendiente,
NGSL,drama,pendiente,
NGSL,dramatic,pendiente,
NGSL,dramatically,pendiente,
NGSL,draw,pendiente,
NGSL,dream,pendiente,
NGSL,dress,pendiente,
NGSL,drink,pendiente,
NGSL,drive,pendiente,
NGSL,driver,pendiente,
NGSL,drop,pendiente,
NGSL,drug,pendiente,
NGSL,dry,pendiente,
NGSL,due,pendiente,
NGSL,during,pendiente,
NGSL,dust,pendiente,
NGSL,duty,pendiente,
NGSL,each,pendiente,
NGSL,ear,pendiente,
NGSL,early,pendiente,
NGSL,earn,pendiente,
NGSL,earth,pendiente,
NGSL,ease,pendiente,
NGSL,easily,pendiente,
NGSL,east,pendiente,
NGSL,eastern,pendiente,
NGSL,easy,pendiente,
NGSL,eat,pendiente,
NGSL,economic,pendiente,
NGSL,economy,pendiente,
NGSL,edge,pendiente,
NGSL,edit,pendiente,
NGSL,edition,pendiente,
NGSL,editor,pendiente,
NGSL,educate,pendiente,
NGSL,education,pendiente,
NGSL,educational,pendiente,
NGSL,effect,pendiente,
NGSL,effective,pendiente,
NGSL,effectively,pendiente,
NGSL,efficiency,pendiente,
NGSL,efficient,pendiente,
NGSL,effort,pendiente,
NGSL,egg,pendiente,
NGSL,either,pendiente,
NGSL,elderly,pendiente,
NGSL,elect,pendiente,
NGSL,election,pendiente,
NGSL,electric,pendiente,
NGSL,electricity,pendiente,
NGSL,electronic,pendiente,
NGSL,element,pendiente,
NGSL,eliminate,pendiente,
NGSL,else,pendiente,
NGSL,elsewhere,pendiente,
NGSL,email,pendiente,
NGSL,embarrass,pendiente,
NGSL,embrace,pendiente,
NGSL,emerge,pendiente,
NGSL,emergency,pendiente,
NGSL,emotion,pendiente,
NGSL,emotional,pendiente,
NGSL,emphasis,pendiente,
NGSL,emphasize,pendiente,
NGSL,empire,pendiente,
NGSL,employ,pendiente,
NGSL,employee,pendiente,
NGSL,employer,pendiente,
NGSL,employment,pendiente,
NGSL,empty,pendiente,
NGSL,enable,pendiente,
NGSL,encounter,pendiente,
NGSL,encourage,pendiente,
NGSL,end,pendiente,
NGSL,enemy,pendiente,
NGSL,energy,pendiente,
NGSL,engage,pendiente,
NGSL,engine,pendiente,
NGSL,engineer,pendiente,
NGSL,enhance,pendiente,
NGSL,enjoy,pendiente,
NGSL,enormous,pendiente,
NGSL,enough,pendiente,
NGSL,ensure,pendiente,
NGSL,enter,pendiente,
NGSL,enterprise,pendiente,
NGSL,entertain,pendiente,
NGSL,entertainment,pendiente,
NGSL,entire,pendiente,
NGSL,entirely,pendiente,
NGSL,entitle,pendiente,
NGSL,entrance,pendiente,
NGSL,entry,pendiente,
NGSL,envelope,pendiente,
NGSL,environment,pendiente,
NGSL,environmental,pendiente,
NGSL,episode,pendiente,
NGSL,equal,pendiente,
NGSL,equally,pendiente,
NGSL,equation,pendiente,
NGSL,equipment,pendiente,
NGSL,equivalent,pendiente,
NGSL,era,pendiente,
NGSL,error,pendiente,
NGSL,escape,pendiente,
NGSL,especially,pendiente,
NGSL,essay,pendiente,
NGSL,essential,pendiente,
NGSL,establish,pendiente,
NGSL,establishment,pendiente,
NGSL,estate,pendiente,
NGSL,estimate,pendiente,
NGSL,ethnic,pendiente,
NGSL,evaluate,pendiente,
NGSL,evaluation,pendiente,
NGSL,even,pendiente,
NGSL,evening,pendiente,
NGSL,event,pendiente,
NGSL,eventually,pendiente,
NGSL,ever,pendiente,
NGSL,every,pendiente,
NGSL,everybody,pendiente,
NGSL,everyday,pendiente,
NGSL,everyone,pendiente,
NGSL,everything,pendiente,
NGSL,everywhere,pendiente,
NGSL,evidence,pendiente,
NGSL,evil,pendiente,
NGSL,evolution,pendiente,
NGSL,evolve,pendiente,
NGSL,exact,pendiente,
NGSL,exactly,pendiente,
NGSL,exam,pendiente,
NGSL,examination,pendiente,
NGSL,examine,pendiente,
NGSL,example,pendiente,
NGSL,exceed,pendiente,
NGSL,excellent,pendiente,
NGSL,except,pendiente,
NGSL,exception,pendiente,
NGSL,excess,pendiente,
NGSL,exchange,pendiente,
NGSL,excite,pendiente,
NGSL,excitement,pendiente,
NGSL,exclude,pendiente,
NGSL,excuse,pendiente,
NGSL,executive,pendiente,
NGSL,exercise,pendiente,
NGSL,exhaust,pendiente,
NGSL,exhibit,pendiente,
NGSL,exhibition,pendiente,
NGSL,exist,pendiente,
NGSL,existence,pendiente,
NGSL,expand,pendiente,
NGSL,expansion,pendiente,
NGSL,expect,pendiente,
NGSL,expectation,pendiente,
NGSL,expenditure,pendiente,
NGSL,expense,pendiente,
NGSL,expensive,pendiente,
NGSL,experience,pendiente,
NGSL,experiment,pendiente,
NGSL,experimental,pendiente,
NGSL,expert,pendiente,
NGSL,explain,pendiente,
NGSL,explanation,pendiente,
NGSL,explore,pendiente,
NGSL,export,pendiente,
NGSL,expose,pendiente,
NGSL,exposure,pendiente,
NGSL,express,pendiente,
NGSL,expression,pendiente,
NGSL,extend,pendiente,
NGSL,extension,pendiente,
NGSL,extensive,pendiente,
NGSL,extent,pendiente,
NGSL,external,pendiente,
NGSL,extra,pendiente,
NGSL,extract,pendiente,
NGSL,extraordinary,pendiente,
NGSL,extreme,pendiente,
NGSL,extremely,pendiente,
NGSL,eye,pendiente,
NGSL,face,pendiente,
NGSL,facility,pendiente,
NGSL,fact,pendiente,
NGSL,factor,pendiente,
NGSL,factory,pendiente,
NGSL,fade,pendiente,
NGSL,fail,pendiente,
NGSL,failure,pendiente,
NGSL,fair,pendiente,
NGSL,fairly,pendiente,
NGSL,faith,pendiente,
NGSL,faithfully,pendiente,
NGSL,fall,pendiente,
NGSL,false,pendiente,
NGSL,familiar,pendiente,
NGSL,family,pendiente,
NGSL,famous,pendiente,
NGSL,fan,pendiente,
NGSL,fancy,pendiente,
NGSL,fantastic,pendiente,
NGSL,far,pendiente,
NGSL,farm,pendiente,
NGSL,farmer,pendiente,
NGSL,fascinate,pendiente,
NGSL,fashion,pendiente,
NGSL,fast,pendiente,
NGSL,fat,pendiente,
NGSL,father,pendiente,
NGSL,fault,pendiente,
NGSL,favor,pendiente,
NGSL,favorite,pendiente,
NGSL,fear,pendiente,
NGSL,feature,pendiente,
NGSL,federal,pendiente,
NGSL,fee,pendiente,
NGSL,feed,pendiente,
NGSL,feel,pendiente,
NGSL,fellow,pendiente,
NGSL,female,pendiente,
NGSL,fence,pendiente,
NGSL,festival,pendiente,
NGSL,few,pendiente,
NGSL,fiction,pendiente,
NGSL,field,pendiente,
NGSL,fight,pendiente,
NGSL,figure,pendiente,
NGSL,file,pendiente,
NGSL,fill,pendiente,
NGSL,film,pendiente,
NGSL,filter,pendiente,
NGSL,final,pendiente,
NGSL,finally,pendiente,
NGSL,finance,pendiente,
NGSL,financial,pendiente,
NGSL,find,pendiente,
NGSL,fine,pendiente,
NGSL,finger,pendiente,
NGSL,finish,pendiente,
NGSL,fire,pendiente,
NGSL,firm,pendiente,
NGSL,firmly,pendiente,
NGSL,first,pendiente,
NGSL,firstly,pendiente,
NGSL,fish,pendiente,
NGSL,fit,pendiente,
NGSL,fix,pendiente,
NGSL,flag,pendiente,
NGSL,flash,pendiente,
NGSL,flat,pendiente,
NGSL,flexible,pendiente,
NGSL,flight,pendiente,
NGSL,float,pendiente,
NGSL,flood,pendiente,
NGSL,floor,pendiente,
NGSL,flow,pendiente,
NGSL,flower,pendiente,
NGSL,fly,pendiente,
NGSL,focus,pendiente,
NGSL,fold,pendiente,
NGSL,folk,pendiente,
NGSL,follow,pendiente,
NGSL,food,pendiente,
NGSL,fool,pendiente,
NGSL,foot,pendiente,
NGSL,football,pendiente,
NGSL,for,pendiente,
NGSL,force,pendiente,
NGSL,forecast,pendiente,
NGSL,foreign,pendiente,
NGSL,forest,pendiente,
NGSL,forever,pendiente,
NGSL,forget,pendiente,
NGSL,form,pendiente,
NGSL,formal,pendiente,
NGSL,format,pendiente,
NGSL,formation,pendiente,
NGSL,former,pendiente,
NGSL,formula,pendiente,
NGSL,forth,pendiente,
NGSL,fortunate,pendiente,
NGSL,fortune,pendiente,
NGSL,forward,pendiente,
NGSL,found,pendiente,
NGSL,foundation,pendiente,
NGSL,fragment,pendiente,
NGSL,frame,pendiente,
NGSL,framework,pendiente,
NGSL,free,pendiente,
NGSL,freedom,pendiente,
NGSL,freeze,pendiente,
NGSL,frequency,pendiente,
NGSL,frequent,pendiente,
NGSL,frequently,pendiente,
NGSL,fresh,pendiente,
NGSL,friend,pendiente,
NGSL,friendly,pendiente,
NGSL,friendship,pendiente,
NGSL,frighten,pendiente,
NGSL,from,pendiente,
NGSL,front,pendiente,
NGSL,fruit,pendiente,
NGSL,fuel,pendiente,
NGSL,fulfill,pendiente,
NGSL,full,pendiente,
NGSL,fully,pendiente,
NGSL,fun,pendiente,
NGSL,function,pendiente,
NGSL,functional,pendiente,
NGSL,fund,pendiente,
NGSL,fundamental,pendiente,
NGSL,funny,pendiente,
NGSL,furniture,pendiente,
NGSL,further,pendiente,
NGSL,furthermore,pendiente,
NGSL,future,pendiente,
NGSL,gain,pendiente,
NGSL,gallery,pendiente,
NGSL,game,pendiente,
NGSL,gap,pendiente,
NGSL,garden,pendiente,
NGSL,gas,pendiente,
NGSL,gate,pendiente,
NGSL,gather,pendiente,
NGSL,gay,pendiente,
NGSL,gaze,pendiente,
NGSL,gear,pendiente,
NGSL,gender,pendiente,
NGSL,gene,pendiente,
NGSL,general,pendiente,
NGSL,generally,pendiente,
NGSL,generate,pendiente,
NGSL,generation,pendiente,
NGSL,genetic,pendiente,
NGSL,gentle,pendiente,
NGSL,gentleman,pendiente,
NGSL,gently,pendiente,
NGSL,genuine,pendiente,
NGSL,gesture,pendiente,
NGSL,get,pendiente,
NGSL,giant,pendiente,
NGSL,gift,pendiente,
NGSL,girl,pendiente,
NGSL,give,pendiente,
NGSL,glad,pendiente,
NGSL,glance,pendiente,
NGSL,glass,pendiente,
NGSL,global,pendiente,
NGSL,go,pendiente,
NGSL,goal,pendiente,
NGSL,god,pendiente,
NGSL,gold,pendiente,
NGSL,golden,pendiente,
NGSL,golf,pendiente,
NGSL,good,pendiente,
NGSL,govern,pendiente,
NGSL,government,pendiente,
NGSL,governor,pendiente,
NGSL,grab,pendiente,
NGSL,grade,pendiente,
NGSL,gradually,pendiente,
NGSL,graduate,pendiente,
NGSL,grain,pendiente,
NGSL,grammar,pendiente,
NGSL,grand,pendiente,
NGSL,grandmother,pendiente,
NGSL,grant,pendiente,
NGSL,grass,pendiente,
NGSL,grateful,pendiente,
NGSL,gray,pendiente,
NGSL,great,pendiente,
NGSL,greatly,pendiente,
NGSL,green,pendiente,
NGSL,greet,pendiente,
NGSL,grin,pendiente,
NGSL,ground,pendiente,
NGSL,group,pendiente,
NGSL,grow,pendiente,
NGSL,growth,pendiente,
NGSL,guarantee,pendiente,
NGSL,guard,pendiente,
NGSL,guess,pendiente,
NGSL,guest,pendiente,
NGSL,guide,pendiente,
NGSL,guideline,pendiente,
NGSL,guilty,pendiente,
NGSL,guitar,pendiente,
NGSL,gun,pendiente,
NGSL,guy,pendiente,
NGSL,habit,pendiente,
NGSL,hair,pendiente,
NGSL,half,pendiente,
NGSL,hall,pendiente,
NGSL,hand,pendiente,
NGSL,handle,pendiente,
NGSL,hang,pendiente,
NGSL,happen,pendiente,
NGSL,happiness,pendiente,
NGSL,happy,pendiente,
NGSL,harbor,pendiente,
NGSL,hard,pendiente,
NGSL,hardly,pendiente,
NGSL,harm,pendiente,
NGSL,hat,pendiente,
NGSL,hate,pendiente,
NGSL,have,pendiente,
NGSL,he,pendiente,
NGSL,head,pendiente,
NGSL,health,pendiente,
NGSL,healthy,pendiente,
NGSL,hear,pendiente,
NGSL,heart,pendiente,
NGSL,heat,pendiente,
NGSL,heavily,pendiente,
NGSL,heavy,pendiente,
NGSL,height,pendiente,
NGSL,hell,pendiente,
NGSL,hello,pendiente,
NGSL,help,pendiente,
NGSL,helpful,pendiente,
NGSL,hence,pendiente,
NGSL,here,pendiente,
NGSL,hero,pendiente,
NGSL,herself,pendiente,
NGSL,hesitate,pendiente,
NGSL,hi,pendiente,
NGSL,hide,pendiente,
NGSL,high,pendiente,
NGSL,highlight,pendiente,
NGSL,highly,pendiente,
NGSL,hill,pendiente,
NGSL,himself,pendiente,
NGSL,hint,pendiente,
NGSL,hire,pendiente,
NGSL,historian,pendiente,
NGSL,historic,pendiente,
NGSL,historical,pendiente,
NGSL,history,pendiente,
NGSL,hit,pendiente,
NGSL,hold,pendiente,
NGSL,holder,pendiente,
NGSL,hole,pendiente,
NGSL,holiday,pendiente,
NGSL,home,pendiente,
NGSL,honest,pendiente,
NGSL,honor,pendiente,
NGSL,hook,pendiente,
NGSL,hope,pendiente,
NGSL,hopefully,pendiente,
NGSL,horrible,pendiente,
NGSL,horse,pendiente,
NGSL,hospital,pendiente,
NGSL,host,pendiente,
NGSL,hot,pendiente,
NGSL,hotel,pendiente,
NGSL,hour,pendiente,
NGSL,house,pendiente,
NGSL,household,pendiente,
NGSL,how,pendiente,
NGSL,however,pendiente,
NGSL,huge,pendiente,
NGSL,human,pendiente,
NGSL,humor,pendiente,
NGSL,hunger,pendiente,
NGSL,hunt,pendiente,
NGSL,hurry,pendiente,
NGSL,hurt,pendiente,
NGSL,husband,pendiente,
NGSL,hypothesis,pendiente,
NGSL,i,pendiente,
NGSL,ice,pendiente,
NGSL,idea,pendiente,
NGSL,ideal,pendiente,
NGSL,identify,pendiente,
NGSL,identity,pendiente,
NGSL,if,pendiente,
NGSL,ignore,pendiente,
NGSL,ill,pendiente,
NGSL,illegal,pendiente,
NGSL,illness,pendiente,
NGSL,illustrate,pendiente,
NGSL,illustration,pendiente,
NGSL,image,pendiente,
NGSL,imagination,pendiente,
NGSL,imagine,pendiente,
NGSL,immediate,pendiente,
NGSL,immediately,pendiente,
NGSL,immigrant,pendiente,
NGSL,immigration,pendiente,
NGSL,implement,pendiente,
NGSL,implementation,pendiente,
NGSL,implication,pendiente,
NGSL,imply,pendiente,
NGSL,import,pendiente,
NGSL,importance,pendiente,
NGSL,important,pendiente,
NGSL,impose,pendiente,
NGSL,impossible,pendiente,
NGSL,impress,pendiente,
NGSL,impression,pendiente,
NGSL,impressive,pendiente,
NGSL,improve,pendiente,
NGSL,improvement,pendiente,
NGSL,in,pendiente,
NGSL,incentive,pendiente,
NGSL,inch,pendiente,
NGSL,incident,pendiente,
NGSL,include,pendiente,
NGSL,income,pendiente,
NGSL,incorporate,pendiente,
NGSL,increase,pendiente,
NGSL,increasingly,pendiente,
NGSL,indeed,pendiente,
NGSL,independence,pendiente,
NGSL,independent,pendiente,
NGSL,index,pendiente,
NGSL,indicate,pendiente,
NGSL,indication,pendiente,
NGSL,individual,pendiente,
NGSL,industrial,pendiente,
NGSL,industry,pendiente,
NGSL,infant,pendiente,
NGSL,infection,pendiente,
NGSL,inflation,pendiente,
NGSL,influence,pendiente,
NGSL,inform,pendiente,
NGSL,information,pendiente,
NGSL,initial,pendiente,
NGSL,initially,pendiente,
NGSL,initiative,pendiente,
NGSL,injure,pendiente,
NGSL,injury,pendiente,
NGSL,inner,pendiente,
NGSL,innocent,pendiente,
NGSL,innovation,pendiente,
NGSL,input,pendiente,
NGSL,inquiry,pendiente,
NGSL,inside,pendiente,
NGSL,insight,pendiente,
NGSL,insist,pendiente,
NGSL,inspire,pendiente,
NGSL,install,pendiente,
NGSL,instance,pendiente,
NGSL,instead,pendiente,
NGSL,institution,pendiente,
NGSL,institutional,pendiente,
NGSL,instruction,pendiente,
NGSL,instrument,pendiente,
NGSL,insurance,pendiente,
NGSL,insure,pendiente,
NGSL,integrate,pendiente,
NGSL,intellectual,pendiente,
NGSL,intelligence,pendiente,
NGSL,intend,pendiente,
NGSL,intense,pendiente,
NGSL,intention,pendiente,
NGSL,interaction,pendiente,
NGSL,interest,pendiente,
NGSL,interior,pendiente,
NGSL,internal,pendiente,
NGSL,international,pendiente,
NGSL,interpret,pendiente,
NGSL,interpretation,pendiente,
NGSL,intervention,pendiente,
NGSL,interview,pendiente,
NGSL,into,pendiente,
NGSL,introduce,pendiente,
NGSL,introduction,pendiente,
NGSL,invent,pendiente,
NGSL,invest,pendiente,
NGSL,investigate,pendiente,
NGSL,investigation,pendiente,
NGSL,investment,pendiente,
NGSL,investor,pendiente,
NGSL,invitation,pendiente,
NGSL,invite,pendiente,
NGSL,involve,pendiente,
NGSL,involvement,pendiente,
NGSL,iron,pendiente,
NGSL,island,pendiente,
NGSL,isolate,pendiente,
NGSL,issue,pendiente,
NGSL,it,pendiente,
NGSL,item,pendiente,
NGSL,itself,pendiente,
NGSL,jacket,pendiente,
NGSL,jail,pendiente,
NGSL,job,pendiente,
NGSL,join,pendiente,
NGSL,joint,pendiente,
NGSL,joke,pendiente,
NGSL,journal,pendiente,
NGSL,journalist,pendiente,
NGSL,journey,pendiente,
NGSL,joy,pendiente,
NGSL,judge,pendiente,
NGSL,judgment,pendiente,
NGSL,jump,pendiente,
NGSL,jury,pendiente,
NGSL,just,pendiente,
NGSL,justice,pendiente,
NGSL,justify,pendiente,
NGSL,keen,pendiente,
NGSL,keep,pendiente,
NGSL,key,pendiente,
NGSL,kick,pendiente,
NGSL,kid,pendiente,
NGSL,kill,pendiente,
NGSL,kind,pendiente,
NGSL,king,pendiente,
NGSL,kiss,pendiente,
NGSL,kitchen,pendiente,
NGSL,knee,pendiente,
NGSL,knife,pendiente,
NGSL,knock,pendiente,
NGSL,know,pendiente,
NGSL,knowledge,pendiente,
NGSL,label,pendiente,
NGSL,labor,pendiente,
NGSL,laboratory,pendiente,
NGSL,lack,pendiente,
NGSL,lady,pendiente,
NGSL,lake,pendiente,
NGSL,land,pendiente,
NGSL,landscape,pendiente,
NGSL,language,pendiente,
NGSL,large,pendiente,
NGSL,largely,pendiente,
NGSL,last,pendiente,
NGSL,late,pendiente,
NGSL,latter,pendiente,
NGSL,laugh,pendiente,
NGSL,laughter,pendiente,
NGSL,launch,pendiente,
NGSL,law,pendiente,
NGSL,lawyer,pendiente,
NGSL,lay,pendiente,
NGSL,layer,pendiente,
NGSL,lazy,pendiente,
NGSL,lead,pendiente,
NGSL,leader,pendiente,
NGSL,leadership,pendiente,
NGSL,league,pendiente,
NGSL,lean,pendiente,
NGSL,leap,pendiente,
NGSL,learn,pendiente,
NGSL,least,pendiente,
NGSL,leather,pendiente,
NGSL,leave,pendiente,
NGSL,lecture,pendiente,
NGSL,left,pendiente,
NGSL,leg,pendiente,
NGSL,legal,pendiente,
NGSL,legislation,pendiente,
NGSL,lend,pendiente,
NGSL,length,pendiente,
NGSL,less,pendiente,
NGSL,lesson,pendiente,
NGSL,let,pendiente,
NGSL,letter,pendiente,
NGSL,level,pendiente,
NGSL,liability,pendiente,
NGSL,liberal,pendiente,
NGSL,library,pendiente,
NGSL,license,pendiente,
NGSL,lie,pendiente,
NGSL,life,pendiente,
NGSL,lift,pendiente,
NGSL,light,pendiente,
NGSL,like,pendiente,
NGSL,likely,pendiente,
NGSL,limit,pendiente,
NGSL,limitation,pendiente,
NGSL,line,pendiente,
NGSL,link,pendiente,
NGSL,lip,pendiente,
NGSL,liquid,pendiente,
NGSL,list,pendiente,
NGSL,listen,pendiente,
NGSL,listener,pendiente,
NGSL,literally,pendiente,
NGSL,literary,pendiente,
NGSL,literature,pendiente,
NGSL,little,pendiente,
NGSL,live,pendiente,
NGSL,load,pendiente,
NGSL,loan,pendiente,
NGSL,local,pendiente,
NGSL,locate,pendiente,
NGSL,location,pendiente,
NGSL,lock,pendiente,
NGSL,log,pendiente,
NGSL,logic,pendiente,
NGSL,long,pendiente,
NGSL,look,pendiente,
NGSL,loose,pendiente,
NGSL,lose,pendiente,
NGSL,loss,pendiente,
NGSL,lot,pendiente,
NGSL,loud,pendiente,
NGSL,love,pendiente,
NGSL,lovely,pendiente,
NGSL,lover,pendiente,
NGSL,low,pendiente,
NGSL,luck,pendiente,
NGSL,lucky,pendiente,
NGSL,lunch,pendiente,
NGSL,luxury,pendiente,
NGSL,machine,pendiente,
NGSL,mad,pendiente,
NGSL,magazine,pendiente,
NGSL,magic,pendiente,
NGSL,mail,pendiente,
NGSL,main,pendiente,
NGSL,mainly,pendiente,
NGSL,maintain,pendiente,
NGSL,maintenance,pendiente,
NGSL,major,pendiente,
NGSL,majority,pendiente,
NGSL,make,pendiente,
NGSL,maker,pendiente,
NGSL,male,pendiente,
NGSL,man,pendiente,
NGSL,manage,pendiente,
NGSL,management,pendiente,
NGSL,manager,pendiente,
NGSL,manner,pendiente,
NGSL,manufacture,pendiente,
NGSL,manufacturer,pendiente,
NGSL,many,pendiente,
NGSL,map,pendiente,
NGSL,march,pendiente,
NGSL,margin,pendiente,
NGSL,mark,pendiente,
NGSL,market,pendiente,
NGSL,marriage,pendiente,
NGSL,marry,pendiente,
NGSL,mass,pendiente,
NGSL,massive,pendiente,
NGSL,master,pendiente,
NGSL,match,pendiente,
NGSL,mate,pendiente,
NGSL,material,pendiente,
NGSL,mathematics,pendiente,
NGSL,matter,pendiente,
NGSL,mature,pendiente,
NGSL,maximum,pendiente,
NGSL,may,pendiente,
NGSL,maybe,pendiente,
NGSL,mayor,pendiente,
NGSL,meal,pendiente,
NGSL,mean,pendiente,
NGSL,meanwhile,pendiente,
NGSL,measure,pendiente,
NGSL,measurement,pendiente,
NGSL,meat,pendiente,
NGSL,mechanism,pendiente,
NGSL,medical,pendiente,
NGSL,medicine,pendiente,
NGSL,medium,pendiente,
NGSL,meet,pendiente,
NGSL,member,pendiente,
NGSL,membership,pendiente,
NGSL,memory,pendiente,
NGSL,mental,pendiente,
NGSL,mention,pendiente,
NGSL,menu,pendiente,
NGSL,mere,pendiente,
NGSL,merely,pendiente,
NGSL,mess,pendiente,
NGSL,message,pendiente,
NGSL,metal,pendiente,
NGSL,meter,pendiente,
NGSL,method,pendiente,
NGSL,middle,pendiente,
NGSL,might,pendiente,
NGSL,mile,pendiente,
NGSL,military,pendiente,
NGSL,milk,pendiente,
NGSL,mind,pendiente,
NGSL,mine,pendiente,
NGSL,minimum,pendiente,
NGSL,minister,pendiente,
NGSL,minor,pendiente,
NGSL,minority,pendiente,
NGSL,minute,pendiente,
NGSL,mirror,pendiente,
NGSL,miss,pendiente,
NGSL,mission,pendiente,
NGSL,mistake,pendiente,
NGSL,mix,pendiente,
NGSL,mixture,pendiente,
NGSL,mobile,pendiente,
NGSL,mode,pendiente,
NGSL,model,pendiente,
NGSL,moderate,pendiente,
NGSL,modern,pendiente,
NGSL,modify,pendiente,
NGSL,module,pendiente,
NGSL,mom,pendiente,
NGSL,moment,pendiente,
NGSL,money,pendiente,
NGSL,monitor,pendiente,
NGSL,month,pendiente,
NGSL,monthly,pendiente,
NGSL,mood,pendiente,
NGSL,moon,pendiente,
NGSL,moral,pendiente,
NGSL,more,pendiente,
NGSL,moreover,pendiente,
NGSL,morning,pendiente,
NGSL,mortgage,pendiente,
NGSL,most,pendiente,
NGSL,mostly,pendiente,
NGSL,mother,pendiente,
NGSL,motion,pendiente,
NGSL,motivate,pendiente,
NGSL,motivation,pendiente,
NGSL,motor,pendiente,
NGSL,mount,pendiente,
NGSL,mountain,pendiente,
NGSL,mouse,pendiente,
NGSL,mouth,pendiente,
NGSL,move,pendiente,
NGSL,movement,pendiente,
NGSL,movie,pendiente,
NGSL,much,pendiente,
NGSL,multiple,pendiente,
NGSL,murder,pendiente,
NGSL,muscle,pendiente,
NGSL,museum,pendiente,
NGSL,music,pendiente,
NGSL,musical,pendiente,
NGSL,musician,pendiente,
NGSL,must,pendiente,
NGSL,mutual,pendiente,
NGSL,myself,pendiente,
NGSL,mystery,pendiente,
NGSL,name,pendiente,
NGSL,narrative,pendiente,
NGSL,narrow,pendiente,
NGSL,nation,pendiente,
NGSL,national,pendiente,
NGSL,native,pendiente,
NGSL,natural,pendiente,
NGSL,naturally,pendiente,
NGSL,nature,pendiente,
NGSL,near,pendiente,
NGSL,nearby,pendiente,
NGSL,nearly,pendiente,
NGSL,necessarily,pendiente,
NGSL,necessary,pendiente,
NGSL,neck,pendiente,
NGSL,need,pendiente,
NGSL,negative,pendiente,
NGSL,neglect,pendiente,
NGSL,negotiate,pendiente,
NGSL,negotiation,pendiente,
NGSL,neighbor,pendiente,
NGSL,neighborhood,pendiente,
NGSL,neither,pendiente,
NGSL,nerve,pendiente,
NGSL,nervous,pendiente,
NGSL,net,pendiente,
NGSL,network,pendiente,
NGSL,never,pendiente,
NGSL,nevertheless,pendiente,
NGSL,new,pendiente,
NGSL,newly,pendiente,
NGSL,news,pendiente,
NGSL,newspaper,pendiente,
NGSL,next,pendiente,
NGSL,nice,pendiente,
NGSL,night,pendiente,
NGSL,no,pendiente,
NGSL,nobody,pendiente,
NGSL,noise,pendiente,
NGSL,none,pendiente,
NGSL,nor,pendiente,
NGSL,normal,pendiente,
NGSL,normally,pendiente,
NGSL,north,pendiente,
NGSL,northern,pendiente,
NGSL,nose,pendiente,
NGSL,not,pendiente,
NGSL,note,pendiente,
NGSL,nothing,pendiente,
NGSL,notice,pendiente,
NGSL,notion,pendiente,
NGSL,noun,pendiente,
NGSL,novel,pendiente,
NGSL,now,pendiente,
NGSL,nowadays,pendiente,
NGSL,nowhere,pendiente,
NGSL,nuclear,pendiente,
NGSL,number,pendiente,
NGSL,numerous,pendiente,
NGSL,nurse,pendiente,
NGSL,object,pendiente,
NGSL,objective,pendiente,
NGSL,obligation,pendiente,
NGSL,observation,pendiente,
NGSL,observe,pendiente,
NGSL,obvious,pendiente,
NGSL,obviously,pendiente,
NGSL,occasion,pendiente,
NGSL,occasionally,pendiente,
NGSL,occupy,pendiente,
NGSL,occur,pendiente,
NGSL,ocean,pendiente,
NGSL,odd,pendiente,
NGSL,of,pendiente,
NGSL,off,pendiente,
NGSL,offense,pendiente,
NGSL,offer,pendiente,
NGSL,office,pendiente,
NGSL,officer,pendiente,
NGSL,official,pendiente,
NGSL,often,pendiente,
NGSL,oil,pendiente,
NGSL,okay,pendiente,
NGSL,old,pendiente,
NGSL,on,pendiente,
NGSL,once,pendiente,
NGSL,one,pendiente,
NGSL,online,pendiente,
NGSL,only,pendiente,
NGSL,onto,pendiente,
NGSL,open,pendiente,
NGSL,opera,pendiente,
NGSL,operate,pendiente,
NGSL,operation,pendiente,
NGSL,operator,pendiente,
NGSL,opinion,pendiente,
NGSL,opponent,pendiente,
NGSL,opportunity,pendiente,
NGSL,oppose,pendiente,
NGSL,opposite,pendiente,
NGSL,opposition,pendiente,
NGSL,option,pendiente,
NGSL,or,pendiente,
NGSL,orange,pendiente,
NGSL,order,pendiente,
NGSL,ordinary,pendiente,
NGSL,organic,pendiente,
NGSL,organization,pendiente,
NGSL,organize,pendiente,
NGSL,origin,pendiente,
NGSL,original,pendiente,
NGSL,originally,pendiente,
NGSL,other,pendiente,
NGSL,otherwise,pendiente,
NGSL,ought,pendiente,
NGSL,ourselves,pendiente,
NGSL,out,pendiente,
NGSL,outcome,pendiente,
NGSL,outline,pendiente,
NGSL,output,pendiente,
NGSL,outside,pendiente,
NGSL,over,pendiente,
NGSL,overall,pendiente,
NGSL,overcome,pendiente,
NGSL,overseas,pendiente,
NGSL,owe,pendiente,
NGSL,own,pendiente,
NGSL,owner,pendiente,
NGSL,ownership,pendiente,
NGSL,pace,pendiente,
NGSL,pack,pendiente,
NGSL,package,pendiente,
NGSL,page,pendiente,
NGSL,pain,pendiente,
NGSL,paint,pendiente,
NGSL,pair,pendiente,
NGSL,pale,pendiente,
NGSL,panel,pendiente,
NGSL,panic,pendiente,
NGSL,paper,pendiente,
NGSL,paragraph,pendiente,
NGSL,parallel,pendiente,
NGSL,parent,pendiente,
NGSL,park,pendiente,
NGSL,part,pendiente,
NGSL,participant,pendiente,
NGSL,participate,pendiente,
NGSL,participation,pendiente,
NGSL,particular,pendiente,
NGSL,particularly,pendiente,
NGSL,partly,pendiente,
NGSL,partner,pendiente,
NGSL,partnership,pendiente,
NGSL,party,pendiente,
NGSL,pass,pendiente,
NGSL,passage,pendiente,
NGSL,passenger,pendiente,
NGSL,passion,pendiente,
NGSL,past,pendiente,
NGSL,path,pendiente,
NGSL,patient,pendiente,
NGSL,pattern,pendiente,
NGSL,pause,pendiente,
NGSL,pay,pendiente,
NGSL,payment,pendiente,
NGSL,peace,pendiente,
NGSL,peak,pendiente,
NGSL,peer,pendiente,
NGSL,pen,pendiente,
NGSL,penalty,pendiente,
NGSL,pension,pendiente,
NGSL,people,pendiente,
NGSL,per,pendiente,
NGSL,perceive,pendiente,
NGSL,percent,pendiente,
NGSL,percentage,pendiente,
NGSL,perception,pendiente,
NGSL,perfect,pendiente,
NGSL,perfectly,pendiente,
NGSL,perform,pendiente,
NGSL,performance,pendiente,
NGSL,perhaps,pendiente,
NGSL,period,pendiente,
NGSL,permanent,pendiente,
NGSL,permission,pendiente,
NGSL,permit,pendiente,
NGSL,person,pendiente,
NGSL,personal,pendiente,
NGSL,personality,pendiente,
NGSL,personally,pendiente,
NGSL,personnel,pendiente,
NGSL,perspective,pendiente,
NGSL,persuade,pendiente,
NGSL,phase,pendiente,
NGSL,phenomenon,pendiente,
NGSL,philosophy,pendiente,
NGSL,phone,pendiente,
NGSL,photo,pendiente,
NGSL,photograph,pendiente,
NGSL,phrase,pendiente,
NGSL,physical,pendiente,
NGSL,piano,pendiente,
NGSL,pick,pendiente,
NGSL,picture,pendiente,
NGSL,piece,pendiente,
NGSL,pig,pendiente,
NGSL,pile,pendiente,
NGSL,pilot,pendiente,
NGSL,pink,pendiente,
NGSL,pipe,pendiente,
NGSL,pitch,pendiente,
NGSL,place,pendiente,
NGSL,plain,pendiente,
NGSL,plan,pendiente,
NGSL,plane,pendiente,
NGSL,planet,pendiente,
NGSL,plant,pendiente,
NGSL,plastic,pendiente,
NGSL,plate,pendiente,
NGSL,platform,pendiente,
NGSL,play,pendiente,
NGSL,player,pendiente,
NGSL,pleasant,pendiente,
NGSL,please,pendiente,
NGSL,pleasure,pendiente,
NGSL,plenty,pendiente,
NGSL,plot,pendiente,
NGSL,plus,pendiente,
NGSL,pocket,pendiente,
NGSL,poem,pendiente,
NGSL,poet,pendiente,
NGSL,poetry,pendiente,
NGSL,point,pendiente,
NGSL,police,pendiente,
NGSL,policy,pendiente,
NGSL,political,pendiente,
NGSL,politician,pendiente,
NGSL,politics,pendiente,
NGSL,poll,pendiente,
NGSL,pollution,pendiente,
NGSL,pool,pendiente,
NGSL,poor,pendiente,
NGSL,pop,pendiente,
NGSL,popular,pendiente,
NGSL,population,pendiente,
NGSL,port,pendiente,
NGSL,portion,pendiente,
NGSL,portrait,pendiente,
NGSL,pose,pendiente,
NGSL,position,pendiente,
NGSL,positive,pendiente,
NGSL,possess,pendiente,
NGSL,possession,pendiente,
NGSL,possibility,pendiente,
NGSL,possible,pendiente,
NGSL,possibly,pendiente,
NGSL,post,pendiente,
NGSL,pot,pendiente,
NGSL,potato,pendiente,
NGSL,potential,pendiente,
NGSL,potentially,pendiente,
NGSL,pound,pendiente,
NGSL,pour,pendiente,
NGSL,poverty,pendiente,
NGSL,power,pendiente,
NGSL,powerful,pendiente,
NGSL,practical,pendiente,
NGSL,practice,pendiente,
NGSL,praise,pendiente,
NGSL,pray,pendiente,
NGSL,precise,pendiente,
NGSL,precisely,pendiente,
NGSL,predict,pendiente,
NGSL,prefer,pendiente,
NGSL,preference,pendiente,
NGSL,pregnancy,pendiente,
NGSL,pregnant,pendiente,
NGSL,premise,pendiente,
NGSL,preparation,pendiente,
NGSL,prepare,pendiente,
NGSL,presence,pendiente,
NGSL,present,pendiente,
NGSL,presentation,pendiente,
NGSL,preserve,pendiente,
NGSL,president,pendiente,
NGSL,presidential,pendiente,
NGSL,press,pendiente,
NGSL,pressure,pendiente,
NGSL,presumably,pendiente,
NGSL,pretend,pendiente,
NGSL,pretty,pendiente,
NGSL,prevent,pendiente,
NGSL,previous,pendiente,
NGSL,previously,pendiente,
NGSL,price,pendiente,
NGSL,pride,pendiente,
NGSL,primarily,pendiente,
NGSL,primary,pendiente,
NGSL,prime,pendiente,
NGSL,principal,pendiente,
NGSL,principle,pendiente,
NGSL,print,pendiente,
NGSL,printer,pendiente,
NGSL,prior,pendiente,
NGSL,priority,pendiente,
NGSL,prison,pendiente,
NGSL,prisoner,pendiente,
NGSL,private,pendiente,
NGSL,privilege,pendiente,
NGSL,prize,pendiente,
NGSL,pro,pendiente,
NGSL,probability,pendiente,
NGSL,probably,pendiente,
NGSL,problem,pendiente,
NGSL,procedure,pendiente,
NGSL,proceed,pendiente,
NGSL,process,pendiente,
NGSL,produce,pendiente,
NGSL,producer,pendiente,
NGSL,product,pendiente,
NGSL,production,pendiente,
NGSL,profession,pendiente,
NGSL,professional,pendiente,
NGSL,professor,pendiente,
NGSL,profile,pendiente,
NGSL,profit,pendiente,
NGSL,program,pendiente,
NGSL,progress,pendiente,
NGSL,project,pendiente,
NGSL,promise,pendiente,
NGSL,promote,pendiente,
NGSL,promotion,pendiente,
NGSL,prompt,pendiente,
NGSL,proof,pendiente,
NGSL,proper,pendiente,
NGSL,properly,pendiente,
NGSL,property,pendiente,
NGSL,proportion,pendiente,
NGSL,proposal,pendiente,
NGSL,propose,pendiente,
NGSL,prospect,pendiente,
NGSL,protect,pendiente,
NGSL,protection,pendiente,
NGSL,protein,pendiente,
NGSL,protest,pendiente,
NGSL,proud,pendiente,
NGSL,prove,pendiente,
NGSL,provide,pendiente,
NGSL,province,pendiente,
NGSL,provision,pendiente,
NGSL,psychological,pendiente,
NGSL,pub,pendiente,
NGSL,public,pendiente,
NGSL,publication,pendiente,
NGSL,publisher,pendiente,
NGSL,pull,pendiente,
NGSL,pump,pendiente,
NGSL,pupil,pendiente,
NGSL,purchase,pendiente,
NGSL,pure,pendiente,
NGSL,purpose,pendiente,
NGSL,pursue,pendiente,
NGSL,push,pendiente,
NGSL,put,pendiente,
NGSL,qualification,pendiente,
NGSL,qualify,pendiente,
NGSL,quality,pendiente,
NGSL,quantity,pendiente,
NGSL,quarter,pendiente,
NGSL,question,pendiente,
NGSL,quick,pendiente,
NGSL,quickly,pendiente,
NGSL,quiet,pendiente,
NGSL,quietly,pendiente,
NGSL,quite,pendiente,
NGSL,quote,pendiente,
NGSL,race,pendiente,
NGSL,racial,pendiente,
NGSL,radical,pendiente,
NGSL,radio,pendiente,
NGSL,rail,pendiente,
NGSL,rain,pendiente,
NGSL,raise,pendiente,
NGSL,random,pendiente,
NGSL,range,pendiente,
NGSL,rank,pendiente,
NGSL,rapid,pendiente,
NGSL,rapidly,pendiente,
NGSL,rare,pendiente,
NGSL,rarely,pendiente,
NGSL,rat,pendiente,
NGSL,rate,pendiente,
NGSL,rather,pendiente,
NGSL,ratio,pendiente,
NGSL,raw,pendiente,
NGSL,reach,pendiente,
NGSL,react,pendiente,
NGSL,reaction,pendiente,
NGSL,read,pendiente,
NGSL,reader,pendiente,
NGSL,ready,pendiente,
NGSL,real,pendiente,
NGSL,reality,pendiente,
NGSL,realize,pendiente,
NGSL,really,pendiente,
NGSL,rear,pendiente,
NGSL,reason,pendiente,
NGSL,reasonable,pendiente,
NGSL,reasonably,pendiente,
NGSL,recall,pendiente,
NGSL,receive,pendiente,
NGSL,recent,pendiente,
NGSL,recently,pendiente,
NGSL,reckon,pendiente,
NGSL,recognition,pendiente,
NGSL,recognize,pendiente,
NGSL,recommend,pendiente,
NGSL,recommendation,pendiente,
NGSL,record,pendiente,
NGSL,recover,pendiente,
NGSL,recovery,pendiente,
NGSL,recruit,pendiente,
NGSL,red,pendiente,
NGSL,reduce,pendiente,
NGSL,reduction,pendiente,
NGSL,refer,pendiente,
NGSL,reference,pendiente,
NGSL,reflect,pendiente,
NGSL,reflection,pendiente,
NGSL,reform,pendiente,
NGSL,refugee,pendiente,
NGSL,refuse,pendiente,
NGSL,regard,pendiente,
NGSL,regardless,pendiente,
NGSL,region,pendiente,
NGSL,regional,pendiente,
NGSL,register,pendiente,
NGSL,registration,pendiente,
NGSL,regret,pendiente,
NGSL,regular,pendiente,
NGSL,regularly,pendiente,
NGSL,regulate,pendiente,
NGSL,regulation,pendiente,
NGSL,reject,pendiente,
NGSL,relate,pendiente,
NGSL,relation,pendiente,
NGSL,relationship,pendiente,
NGSL,relative,pendiente,
NGSL,relatively,pendiente,
NGSL,relax,pendiente,
NGSL,release,pendiente,
NGSL,relevant,pendiente,
NGSL,reliable,pendiente,
NGSL,relief,pendiente,
NGSL,religion,pendiente,
NGSL,religious,pendiente,
NGSL,rely,pendiente,
NGSL,remain,pendiente,
NGSL,remark,pendiente,
NGSL,remarkable,pendiente,
NGSL,remember,pendiente,
NGSL,remind,pendiente,
NGSL,remote,pendiente,
NGSL,remove,pendiente,
NGSL,rent,pendiente,
NGSL,repair,pendiente,
NGSL,repeat,pendiente,
NGSL,replace,pendiente,
NGSL,reply,pendiente,
NGSL,report,pendiente,
NGSL,reporter,pendiente,
NGSL,represent,pendiente,
NGSL,representation,pendiente,
NGSL,representative,pendiente,
NGSL,reputation,pendiente,
NGSL,request,pendiente,
NGSL,require,pendiente,
NGSL,requirement,pendiente,
NGSL,rescue,pendiente,
NGSL,research,pendiente,
NGSL,researcher,pendiente,
NGSL,reserve,pendiente,
NGSL,resident,pendiente,
NGSL,resign,pendiente,
NGSL,resist,pendiente,
NGSL,resistance,pendiente,
NGSL,resolution,pendiente,
NGSL,resolve,pendiente,
NGSL,resort,pendiente,
NGSL,resource,pendiente,
NGSL,respect,pendiente,
NGSL,respectively,pendiente,
NGSL,respond,pendiente,
NGSL,response,pendiente,
NGSL,responsibility,pendiente,
NGSL,responsible,pendiente,
NGSL,rest,pendiente,
NGSL,restaurant,pendiente,
NGSL,restore,pendiente,
NGSL,restrict,pendiente,
NGSL,restriction,pendiente,
NGSL,result,pendiente,
NGSL,retail,pendiente,
NGSL,retain,pendiente,
NGSL,retire,pendiente,
NGSL,retirement,pendiente,
NGSL,return,pendiente,
NGSL,reveal,pendiente,
NGSL,revenue,pendiente,
NGSL,reverse,pendiente,
NGSL,review,pendiente,
NGSL,revise,pendiente,
NGSL,revolution,pendiente,
NGSL,reward,pendiente,
NGSL,rice,pendiente,
NGSL,rich,pendiente,
NGSL,rid,pendiente,
NGSL,ride,pendiente,
NGSL,right,pendiente,
NGSL,ring,pendiente,
NGSL,rise,pendiente,
NGSL,risk,pendiente,
NGSL,rival,pendiente,
NGSL,river,pendiente,
NGSL,road,pendiente,
NGSL,rock,pendiente,
NGSL,role,pendiente,
NGSL,roll,pendiente,
NGSL,romantic,pendiente,
NGSL,roof,pendiente,
NGSL,room,pendiente,
NGSL,root,pendiente,
NGSL,rose,pendiente,
NGSL,rough,pendiente,
NGSL,roughly,pendiente,
NGSL,round,pendiente,
NGSL,route,pendiente,
NGSL,routine,pendiente,
NGSL,row,pendiente,
NGSL,royal,pendiente,
NGSL,ruin,pendiente,
NGSL,rule,pendiente,
NGSL,run,pendiente,
NGSL,rural,pendiente,
NGSL,rush,pendiente,
NGSL,sad,pendiente,
NGSL,safe,pendiente,
NGSL,safety,pendiente,
NGSL,sail,pendiente,
NGSL,sake,pendiente,
NGSL,salary,pendiente,
NGSL,sale,pendiente,
NGSL,salt,pendiente,
NGSL,same,pendiente,
NGSL,sample,pendiente,
NGSL,sanction,pendiente,
NGSL,sand,pendiente,
NGSL,satisfaction,pendiente,
NGSL,satisfy,pendiente,
NGSL,save,pendiente,
NGSL,say,pendiente,
NGSL,scale,pendiente,
NGSL,scan,pendiente,
NGSL,scare,pendiente,
NGSL,scene,pendiente,
NGSL,schedule,pendiente,
NGSL,scheme,pendiente,
NGSL,scholar,pendiente,
NGSL,school,pendiente,
NGSL,science,pendiente,
NGSL,scientific,pendiente,
NGSL,scientist,pendiente,
NGSL,scope,pendiente,
NGSL,score,pendiente,
NGSL,scream,pendiente,
NGSL,screen,pendiente,
NGSL,sea,pendiente,
NGSL,seal,pendiente,
NGSL,search,pendiente,
NGSL,season,pendiente,
NGSL,seat,pendiente,
NGSL,second,pendiente,
NGSL,secondary,pendiente,
NGSL,secondly,pendiente,
NGSL,secret,pendiente,
NGSL,secretary,pendiente,
NGSL,section,pendiente,
NGSL,sector,pendiente,
NGSL,secure,pendiente,
NGSL,security,pendiente,
NGSL,see,pendiente,
NGSL,seed,pendiente,
NGSL,seek,pendiente,
NGSL,seem,pendiente,
NGSL,segment,pendiente,
NGSL,select,pendiente,
NGSL,selection,pendiente,
NGSL,self,pendiente,
NGSL,sell,pendiente,
NGSL,send,pendiente,
NGSL,senior,pendiente,
NGSL,sense,pendiente,
NGSL,sensitive,pendiente,
NGSL,sentence,pendiente,
NGSL,separate,pendiente,
NGSL,sequence,pendiente,
NGSL,series,pendiente,
NGSL,serious,pendiente,
NGSL,seriously,pendiente,
NGSL,servant,pendiente,
NGSL,serve,pendiente,
NGSL,server,pendiente,
NGSL,service,pendiente,
NGSL,session,pendiente,
NGSL,set,pendiente,
NGSL,settle,pendiente,
NGSL,settlement,pendiente,
NGSL,several,pendiente,
NGSL,severe,pendiente,
NGSL,sex,pendiente,
NGSL,sexual,pendiente,
NGSL,shade,pendiente,
NGSL,shadow,pendiente,
NGSL,shake,pendiente,
NGSL,shall,pendiente,
NGSL,shape,pendiente,
NGSL,share,pendiente,
NGSL,shareholder,pendiente,
NGSL,sharp,pendiente,
NGSL,she,pendiente,
NGSL,sheep,pendiente,
NGSL,sheet,pendiente,
NGSL,shelf,pendiente,
NGSL,shell,pendiente,
NGSL,shelter,pendiente,
NGSL,shift,pendiente,
NGSL,shine,pendiente,
NGSL,ship,pendiente,
NGSL,shirt,pendiente,
NGSL,shock,pendiente,
NGSL,shoe,pendiente,
NGSL,shoot,pendiente,
NGSL,shop,pendiente,
NGSL,shore,pendiente,
NGSL,short,pendiente,
NGSL,shot,pendiente,
NGSL,should,pendiente,
NGSL,shoulder,pendiente,
NGSL,shout,pendiente,
NGSL,show,pendiente,
NGSL,shower,pendiente,
NGSL,shut,pendiente,
NGSL,sick,pendiente,
NGSL,side,pendiente,
NGSL,sigh,pendiente,
NGSL,sight,pendiente,
NGSL,sign,pendiente,
NGSL,signal,pendiente,
NGSL,significance,pendiente,
NGSL,significant,pendiente,
NGSL,significantly,pendiente,
NGSL,silence,pendiente,
NGSL,silent,pendiente,
NGSL,silly,pendiente,
NGSL,silver,pendiente,
NGSL,similar,pendiente,
NGSL,similarly,pendiente,
NGSL,simple,pendiente,
NGSL,simply,pendiente,
NGSL,since,pendiente,
NGSL,sing,pendiente,
NGSL,singer,pendiente,
NGSL,single,pendiente,
NGSL,sink,pendiente,
NGSL,sir,pendiente,
NGSL,sister,pendiente,
NGSL,sit,pendiente,
NGSL,site,pendiente,
NGSL,situate,pendiente,
NGSL,situation,pendiente,
NGSL,size,pendiente,
NGSL,ski,pendiente,
NGSL,skill,pendiente,
NGSL,skin,pendiente,
NGSL,skirt,pendiente,
NGSL,sky,pendiente,
NGSL,slave,pendiente,
NGSL,sleep,pendiente,
NGSL,slice,pendiente,
NGSL,slide,pendiente,
NGSL,slight,pendiente,
NGSL,slightly,pendiente,
NGSL,slip,pendiente,
NGSL,slope,pendiente,
NGSL,slow,pendiente,
NGSL,slowly,pendiente,
NGSL,small,pendiente,
NGSL,smart,pendiente,
NGSL,smell,pendiente,
NGSL,smile,pendiente,
NGSL,smoke,pendiente,
NGSL,smooth,pendiente,
NGSL,snap,pendiente,
NGSL,snow,pendiente,
NGSL,so,pendiente,
NGSL,social,pendiente,
NGSL,society,pendiente,
NGSL,soft,pendiente,
NGSL,software,pendiente,
NGSL,soil,pendiente,
NGSL,solar,pendiente,
NGSL,soldier,pendiente,
NGSL,solid,pendiente,
NGSL,solution,pendiente,
NGSL,solve,pendiente,
NGSL,some,pendiente,
NGSL,somebody,pendiente,
NGSL,somehow,pendiente,
NGSL,someone,pendiente,
NGSL,something,pendiente,
NGSL,sometimes,pendiente,
NGSL,somewhat,pendiente,
NGSL,somewhere,pendiente,
NGSL,son,pendiente,
NGSL,song,pendiente,
NGSL,soon,pendiente,
NGSL,sorry,pendiente,
NGSL,sort,pendiente,
NGSL,soul,pendiente,
NGSL,sound,pendiente,
NGSL,source,pendiente,
NGSL,south,pendiente,
NGSL,southern,pendiente,
NGSL,space,pendiente,
NGSL,spare,pendiente,
NGSL,speak,pendiente,
NGSL,speaker,pendiente,
NGSL,special,pendiente,
NGSL,specialist,pendiente,
NGSL,specialize,pendiente,
NGSL,species,pendiente,
NGSL,specific,pendiente,
NGSL,specifically,pendiente,
NGSL,specify,pendiente,
NGSL,speech,pendiente,
NGSL,speed,pendiente,
NGSL,spell,pendiente,
NGSL,spend,pendiente,
NGSL,spin,pendiente,
NGSL,spirit,pendiente,
NGSL,split,pendiente,
NGSL,sponsor,pendiente,
NGSL,sport,pendiente,
NGSL,spot,pendiente,
NGSL,spread,pendiente,
NGSL,spring,pendiente,
NGSL,square,pendiente,
NGSL,stability,pendiente,
NGSL,stable,pendiente,
NGSL,staff,pendiente,
NGSL,stage,pendiente,
NGSL,stain,pendiente,
NGSL,stair,pendiente,
NGSL,stake,pendiente,
NGSL,stamp,pendiente,
NGSL,stand,pendiente,
NGSL,standard,pendiente,
NGSL,star,pendiente,
NGSL,stare,pendiente,
NGSL,start,pendiente,
NGSL,state,pendiente,
NGSL,statement,pendiente,
NGSL,station,pendiente,
NGSL,statistic,pendiente,
NGSL,status,pendiente,
NGSL,stay,pendiente,
NGSL,steady,pendiente,
NGSL,steal,pendiente,
NGSL,steel,pendiente,
NGSL,stem,pendiente,
NGSL,step,pendiente,
NGSL,stick,pendiente,
NGSL,still,pendiente,
NGSL,stimulate,pendiente,
NGSL,stir,pendiente,
NGSL,stock,pendiente,
NGSL,stomach,pendiente,
NGSL,stone,pendiente,
NGSL,stop,pendiente,
NGSL,storage,pendiente,
NGSL,store,pendiente,
NGSL,storm,pendiente,
NGSL,story,pendiente,
NGSL,straight,pendiente,
NGSL,strain,pendiente,
NGSL,strange,pendiente,
NGSL,stranger,pendiente,
NGSL,strategy,pendiente,
NGSL,stream,pendiente,
NGSL,street,pendiente,
NGSL,strength,pendiente,
NGSL,strengthen,pendiente,
NGSL,stress,pendiente,
NGSL,stretch,pendiente,
NGSL,strict,pendiente,
NGSL,strike,pendiente,
NGSL,string,pendiente,
NGSL,strip,pendiente,
NGSL,stroke,pendiente,
NGSL,strong,pendiente,
NGSL,strongly,pendiente,
NGSL,structural,pendiente,
NGSL,structure,pendiente,
NGSL,struggle,pendiente,
NGSL,student,pendiente,
NGSL,studio,pendiente,
NGSL,study,pendiente,
NGSL,stuff,pendiente,
NGSL,stupid,pendiente,
NGSL,style,pendiente,
NGSL,subject,pendiente,
NGSL,submit,pendiente,
NGSL,subsequent,pendiente,
NGSL,subsequently,pendiente,
NGSL,substance,pendiente,
NGSL,substantial,pendiente,
NGSL,substitute,pendiente,
NGSL,succeed,pendiente,
NGSL,success,pendiente,
NGSL,successful,pendiente,
NGSL,successfully,pendiente,
NGSL,such,pendiente,
NGSL,sudden,pendiente,
NGSL,suddenly,pendiente,
NGSL,suffer,pendiente,
NGSL,sufficient,pendiente,
NGSL,sugar,pendiente,
NGSL,suggest,pendiente,
NGSL,suggestion,pendiente,
NGSL,suit,pendiente,
NGSL,suitable,pendiente,
NGSL,sum,pendiente,
NGSL,summarize,pendiente,
NGSL,summary,pendiente,
NGSL,summer,pendiente,
NGSL,sun,pendiente,
NGSL,supplement,pendiente,
NGSL,supplier,pendiente,
NGSL,supply,pendiente,
NGSL,support,pendiente,
NGSL,supporter,pendiente,
NGSL,suppose,pendiente,
NGSL,sure,pendiente,
NGSL,surely,pendiente,
NGSL,surface,pendiente,
NGSL,surgery,pendiente,
NGSL,surprise,pendiente,
NGSL,surprisingly,pendiente,
NGSL,surround,pendiente,
NGSL,survey,pendiente,
NGSL,survival,pendiente,
NGSL,survive,pendiente,
NGSL,suspect,pendiente,
NGSL,suspend,pendiente,
NGSL,sustain,pendiente,
NGSL,swear,pendiente,
NGSL,sweep,pendiente,
NGSL,sweet,pendiente,
NGSL,swim,pendiente,
NGSL,swing,pendiente,
NGSL,switch,pendiente,
NGSL,symbol,pendiente,
NGSL,symptom,pendiente,
NGSL,system,pendiente,
NGSL,table,pendiente,
NGSL,tackle,pendiente,
NGSL,tail,pendiente,
NGSL,take,pendiente,
NGSL,tale,pendiente,
NGSL,talent,pendiente,
NGSL,talk,pendiente,
NGSL,tall,pendiente,
NGSL,tank,pendiente,
NGSL,tap,pendiente,
NGSL,tape,pendiente,
NGSL,target,pendiente,
NGSL,task,pendiente,
NGSL,taste,pendiente,
NGSL,tax,pendiente,
NGSL,taxi,pendiente,
NGSL,tea,pendiente,
NGSL,teach,pendiente,
NGSL,teacher,pendiente,
NGSL,team,pendiente,
NGSL,tear,pendiente,
NGSL,technical,pendiente,
NGSL,technique,pendiente,
NGSL,technology,pendiente,
NGSL,teenager,pendiente,
NGSL,telephone,pendiente,
NGSL,television,pendiente,
NGSL,tell,pendiente,
NGSL,temperature,pendiente,
NGSL,temporary,pendiente,
NGSL,tend,pendiente,
NGSL,tendency,pendiente,
NGSL,tender,pendiente,
NGSL,tennis,pendiente,
NGSL,tension,pendiente,
NGSL,tent,pendiente,
NGSL,term,pendiente,
NGSL,terrible,pendiente,
NGSL,territory,pendiente,
NGSL,terrorist,pendiente,
NGSL,test,pendiente,
NGSL,text,pendiente,
NGSL,than,pendiente,
NGSL,thank,pendiente,
NGSL,that,pendiente,
NGSL,the,pendiente,
NGSL,theater,pendiente,
NGSL,theme,pendiente,
NGSL,themselves,pendiente,
NGSL,then,pendiente,
NGSL,theoretical,pendiente,
NGSL,theory,pendiente,
NGSL,therapy,pendiente,
NGSL,there,pendiente,
NGSL,therefore,pendiente,
NGSL,they,pendiente,
NGSL,thick,pendiente,
NGSL,thin,pendiente,
NGSL,thing,pendiente,
NGSL,think,pendiente,
NGSL,thirst,pendiente,
NGSL,this,pendiente,
NGSL,though,pendiente,
NGSL,threat,pendiente,
NGSL,threaten,pendiente,
NGSL,throat,pendiente,
NGSL,through,pendiente,
NGSL,throughout,pendiente,
NGSL,throw,pendiente,
NGSL,thus,pendiente,
NGSL,ticket,pendiente,
NGSL,tie,pendiente,
NGSL,tight,pendiente,
NGSL,till,pendiente,
NGSL,time,pendiente,
NGSL,tiny,pendiente,
NGSL,tip,pendiente,
NGSL,tire,pendiente,
NGSL,tissue,pendiente,
NGSL,title,pendiente,
NGSL,to,pendiente,
NGSL,today,pendiente,
NGSL,together,pendiente,
NGSL,tomorrow,pendiente,
NGSL,tone,pendiente,
NGSL,tongue,pendiente,
NGSL,tonight,pendiente,
NGSL,too,pendiente,
NGSL,tool,pendiente,
NGSL,tooth,pendiente,
NGSL,top,pendiente,
NGSL,topic,pendiente,
NGSL,total,pendiente,
NGSL,totally,pendiente,
NGSL,touch,pendiente,
NGSL,tough,pendiente,
NGSL,tour,pendiente,
NGSL,tourism,pendiente,
NGSL,tourist,pendiente,
NGSL,tournament,pendiente,
NGSL,toward,pendiente,
NGSL,tower,pendiente,
NGSL,town,pendiente,
NGSL,toy,pendiente,
NGSL,trace,pendiente,
NGSL,track,pendiente,
NGSL,trade,pendiente,
NGSL,tradition,pendiente,
NGSL,traditional,pendiente,
NGSL,traffic,pendiente,
NGSL,trail,pendiente,
NGSL,train,pendiente,
NGSL,transfer,pendiente,
NGSL,transform,pendiente,
NGSL,transition,pendiente,
NGSL,translate,pendiente,
NGSL,transport,pendiente,
NGSL,transportation,pendiente,
NGSL,trap,pendiente,
NGSL,travel,pendiente,
NGSL,treat,pendiente,
NGSL,treatment,pendiente,
NGSL,tree,pendiente,
NGSL,trend,pendiente,
NGSL,trial,pendiente,
NGSL,trick,pendiente,
NGSL,trigger,pendiente,
NGSL,trip,pendiente,
NGSL,troop,pendiente,
NGSL,trouble,pendiente,
NGSL,truck,pendiente,
NGSL,true,pendiente,
NGSL,truly,pendiente,
NGSL,trust,pendiente,
NGSL,truth,pendiente,
NGSL,try,pendiente,
NGSL,tube,pendiente,
NGSL,tune,pendiente,
NGSL,turn,pendiente,
NGSL,twice,pendiente,
NGSL,twin,pendiente,
NGSL,twist,pendiente,
NGSL,type,pendiente,
NGSL,typical,pendiente,
NGSL,typically,pendiente,
NGSL,ugly,pendiente,
NGSL,ultimately,pendiente,
NGSL,unable,pendiente,
NGSL,uncertainty,pendiente,
NGSL,uncle,pendiente,
NGSL,unclear,pendiente,
NGSL,under,pendiente,
NGSL,undergo,pendiente,
NGSL,underlie,pendiente,
NGSL,understand,pendiente,
NGSL,undertake,pendiente,
NGSL,unemployment,pendiente,
NGSL,unfortunately,pendiente,
NGSL,uniform,pendiente,
NGSL,union,pendiente,
NGSL,unique,pendiente,
NGSL,unit,pendiente,
NGSL,unite,pendiente,
NGSL,universal,pendiente,
NGSL,universe,pendiente,
NGSL,university,pendiente,
NGSL,unknown,pendiente,
NGSL,unless,pendiente,
NGSL,unlike,pendiente,
NGSL,unlikely,pendiente,
NGSL,until,pendiente,
NGSL,unusual,pendiente,
NGSL,up,pendiente,
NGSL,update,pendiente,
NGSL,upon,pendiente,
NGSL,upper,pendiente,
NGSL,upset,pendiente,
NGSL,urban,pendiente,
NGSL,urge,pendiente,
NGSL,use,pendiente,
NGSL,useful,pendiente,
NGSL,user,pendiente,
NGSL,usual,pendiente,
NGSL,usually,pendiente,
NGSL,valley,pendiente,
NGSL,valuable,pendiente,
NGSL,value,pendiente,
NGSL,van,pendiente,
NGSL,variable,pendiente,
NGSL,variation,pendiente,
NGSL,variety,pendiente,
NGSL,various,pendiente,
NGSL,vary,pendiente,
NGSL,vast,pendiente,
NGSL,vegetable,pendiente,
NGSL,vehicle,pendiente,
NGSL,venture,pendiente,
NGSL,verb,pendiente,
NGSL,version,pendiente,
NGSL,versus,pendiente,
NGSL,very,pendiente,
NGSL,vessel,pendiente,
NGSL,veteran,pendiente,
NGSL,via,pendiente,
NGSL,vice,pendiente,
NGSL,victim,pendiente,
NGSL,victory,pendiente,
NGSL,video,pendiente,
NGSL,view,pendiente,
NGSL,village,pendiente,
NGSL,violence,pendiente,
NGSL,violent,pendiente,
NGSL,virtually,pendiente,
NGSL,virus,pendiente,
NGSL,visible,pendiente,
NGSL,vision,pendiente,
NGSL,visit,pendiente,
NGSL,visitor,pendiente,
NGSL,visual,pendiente,
NGSL,vital,pendiente,
NGSL,voice,pendiente,
NGSL,volume,pendiente,
NGSL,voluntary,pendiente,
NGSL,volunteer,pendiente,
NGSL,vote,pendiente,
NGSL,voter,pendiente,
NGSL,wage,pendiente,
NGSL,wait,pendiente,
NGSL,wake,pendiente,
NGSL,walk,pendiente,
NGSL,wall,pendiente,
NGSL,wander,pendiente,
NGSL,want,pendiente,
NGSL,war,pendiente,
NGSL,warm,pendiente,
NGSL,warn,pendiente,
NGSL,wash,pendiente,
NGSL,waste,pendiente,
NGSL,watch,pendiente,
NGSL,water,pendiente,
NGSL,wave,pendiente,
NGSL,way,pendiente,
NGSL,we,pendiente,
NGSL,weak,pendiente,
NGSL,weakness,pendiente,
NGSL,wealth,pendiente,
NGSL,wealthy,pendiente,
NGSL,weapon,pendiente,
NGSL,wear,pendiente,
NGSL,weather,pendiente,
NGSL,web,pendiente,
NGSL,website,pendiente,
NGSL,wed,pendiente,
NGSL,week,pendiente,
NGSL,weekend,pendiente,
NGSL,weekly,pendiente,
NGSL,weigh,pendiente,
NGSL,weight,pendiente,
NGSL,weird,pendiente,
NGSL,welcome,pendiente,
NGSL,welfare,pendiente,
NGSL,well,pendiente,
NGSL,west,pendiente,
NGSL,western,pendiente,
NGSL,wet,pendiente,
NGSL,what,pendiente,
NGSL,whatever,pendiente,
NGSL,wheel,pendiente,
NGSL,when,pendiente,
NGSL,whenever,pendiente,
NGSL,where,pendiente,
NGSL,whereas,pendiente,
NGSL,wherever,pendiente,
NGSL,whether,pendiente,
NGSL,which,pendiente,
NGSL,while,pendiente,
NGSL,whilst,pendiente,
NGSL,whisper,pendiente,
NGSL,white,pendiente,
NGSL,who,pendiente,
NGSL,whole,pendiente,
NGSL,why,pendiente,
NGSL,wide,pendiente,
NGSL,widely,pendiente,
NGSL,wife,pendiente,
NGSL,wild,pendiente,
NGSL,will,pendiente,
NGSL,win,pendiente,
NGSL,wind,pendiente,
NGSL,window,pendiente,
NGSL,wine,pendiente,
NGSL,wing,pendiente,
NGSL,winner,pendiente,
NGSL,winter,pendiente,
NGSL,wipe,pendiente,
NGSL,wire,pendiente,
NGSL,wise,pendiente,
NGSL,wish,pendiente,
NGSL,with,pendiente,
NGSL,withdraw,pendiente,
NGSL,within,pendiente,
NGSL,without,pendiente,
NGSL,witness,pendiente,
NGSL,woman,pendiente,
NGSL,wonder,pendiente,
NGSL,wonderful,pendiente,
NGSL,wood,pendiente,
NGSL,wooden,pendiente,
NGSL,word,pendiente,
NGSL,work,pendiente,
NGSL,worker,pendiente,
NGSL,world,pendiente,
NGSL,worry,pendiente,
NGSL,worth,pendiente,
NGSL,would,pendiente,
NGSL,wound,pendiente,
NGSL,wrap,pendiente,
NGSL,write,pendiente,
NGSL,writer,pendiente,
NGSL,wrong,pendiente,
NGSL,yard,pendiente,
NGSL,yeah,pendiente,
NGSL,year,pendiente,
NGSL,yellow,pendiente,
NGSL,yes,pendiente,
NGSL,yesterday,pendiente,
NGSL,yet,pendiente,
NGSL,yield,pendiente,
NGSL,you,pendiente,
NGSL,young,pendiente,
NGSL,yourself,pendiente,
NGSL,youth,pendiente,
NGSL,zone,pendiente,
