# CEFR-J / English Profile (dataset Maximax67, derivado de CEFR-J + frecuencia).
# Solo palabra+nivel (dato factual). Tapa huecos de banda y extiende escala.
# Oxford 5000 tiene precedencia en el rastreador; esto rellena lo que Oxford no trae.
word,cefr
a,a1
abandon,b1
abandoned,b2
ability,a2
able,b1
abnormal,b1
abnormally,b2
aboard,b1
abolish,b2
aboriginal,b2
aborigine,b1
about,a1
above,a1
abroad,a2
abruptly,b2
absence,b1
absent,b1
absentee,b2
absolute,b1
absolutely,b1
absorb,b1
abstract,b1
absurd,b2
abundance,b1
abundant,b1
abuse,b2
academic,b1
academy,b1
accent,b1
accept,a2
acceptable,a2
acceptance,b1
access,b1
accessibility,b2
accessible,b1
accessory,b1
accident,a2
accidental,b1
accidentally,b1
accommodation,b2
accompany,b1
accomplish,b1
accordingly,b2
account,a2
accountant,b1
accumulate,b2
accuracy,b1
accurate,b1
accurately,b1
accusation,b2
accuse,b1
accustom,b1
ache,b1
achievable,b2
achieve,a2
achievement,b1
acid,b2
acknowledge,b1
acknowledgement,b1
acknowledgment,b1
acquaintance,b1
acquire,b1
acquisition,b2
across,a2
act,a2
action,a1
active,b1
actively,b2
activity,a1
actor,a1
actress,b1
actual,b2
actually,a2
acute,b2
ad,b1
adapt,b1
adaptable,b2
add,a1
addict,b2
addicted,b2
addiction,b2
addition,a2
additional,a2
additionally,b2
address,a1
addressee,b1
adequate,b2
adequately,b2
adjective,a2
adjust,a2
adjustment,b2
administration,b1
administrative,b2
admirable,b2
admiration,b1
admire,a2
admiringly,b2
admission,b1
admit,a2
admittedly,b2
adopt,b1
adopted,b2
adoption,b2
adorable,b1
adore,b2
adorn,b2
adult,a2
advance,b1
advanced,a2
advancement,b2
advantage,a2
advent,b2
adventure,a2
adventurous,b2
adverb,b1
adverbial,b1
adverse,b2
adversely,b2
adversity,b2
advert,b1
advertise,b1
advertisement,a2
advertising,a2
advice,a2
advise,a2
adviser,b1
advisor,b1
aerobics,b1
aeroplane,a1
affair,a2
affect,b1
affection,b1
affectionate,b2
affectionately,b2
afford,b1
affordable,b2
afraid,a1
after,a1
afternoon,a1
afterward,b1
afterwards,b1
again,a1
against,a2
age,a1
aged,a2
ageless,b2
agency,a2
agenda,b1
agent,a2
aggressive,b1
aggressively,b2
ago,a1
agonise,b2
agonize,b2
agony,b2
agree,a1
agreement,b1
agricultural,b1
agriculture,b1
ahead,a2
aid,b1
aim,b1
air,a2
aircraft,b2
aircrew,b2
airline,b1
airplane,a1
airport,a1
aisle,a2
alarm,a2
album,a1
alcohol,b1
alcoholic,b1
alcoholism,b2
alert,b2
alike,b1
alive,a2
all,a1
allegation,b2
allergic,b1
alliance,b2
allow,a2
allowance,b1
ally,b2
almost,a1
alone,a1
along,a1
alongside,b2
aloud,b1
alphabet,b1
alphabetical,b2
already,a1
alright,a2
also,a1
altar,b2
alter,b2
alternate,b2
alternative,b1
alternatively,b2
although,a2
altitude,b2
altogether,b1
aluminium,b2
aluminum,b2
always,a1
am,a1
amaze,b2
amazed,b1
amazement,b2
amazing,b1
amazingly,b2
ambassador,b2
ambiguity,b2
ambiguous,b2
ambition,a2
ambitious,b1
ambulance,b1
ammonia,b2
among,a2
amongst,b2
amount,b1
ample,b2
amplifier,b2
amplify,b2
amuse,b2
amused,a2
amusement,a2
amusing,b1
an,a1
analogy,b2
analyse,b1
analysis,b1
analyst,b2
analyze,b1
ancestor,a2
anchor,b2
anchorage,b2
anchorman,b2
anchorperson,b2
ancient,a2
and,a1
angel,a2
anger,b1
angle,b1
angrily,a2
angry,a1
anguish,b2
animal,a1
animate,b2
animated,b1
animation,b1
ankle,a2
anniversary,a2
announce,b1
announcement,b1
annoy,a2
annoyance,b1
annoyed,b1
annoying,a2
annual,b1
annually,b1
anonymous,b2
another,a1
answer,a1
ant,b1
anti,b1
antiaircraft,b2
antibacterial,b2
anticancer,b2
anticipate,b2
anticipation,b2
antipollution,b2
antique,b1
antistatic,b2
antivirus,b2
antonym,b1
anxiety,b1
anxious,a2
anxiously,b1
any,a1
anybody,a1
anyhow,b1
anymore,a2
anyone,a1
anything,a1
anyway,a2
anywhere,a2
apart,a2
apartment,a2
ape,b1
apologise,a2
apologize,a2
apology,b1
apostrophe,b2
apparent,b1
apparently,a2
appeal,b1
appear,a2
appearance,a2
appetite,b1
applaud,b1
applause,b1
apple,a1
applicant,b2
application,b1
apply,a2
appoint,b1
appointment,a2
appreciate,a2
appreciation,b1
appreciative,b2
approach,b1
appropriate,a2
appropriately,b2
approval,b1
approve,b1
approximate,b2
approximately,b1
april,a1
apron,a1
arch,b2
archaeologist,b2
archeologist,b2
architect,b1
architecture,a2
arctic,b2
are,a1
area,a2
arena,b2
argue,a2
argument,a2
arise,b1
aristocracy,b2
arithmetic,b1
arm,a1
armchair,a2
armed,a2
armful,b2
army,b1
around,a1
arouse,b2
arrange,b1
arrangement,b1
arrest,b1
arrival,b1
arrive,a1
arrogant,b2
arrow,b1
art,a1
artery,b2
article,a1
articulate,b2
artificial,a2
artificially,b2
artist,b1
artistic,b1
artistry,b2
as,a1
ash,b2
ashamed,b1
aside,b1
ask,a1
asleep,a2
aspect,b1
aspiration,b2
aspire,b2
aspirin,b1
assault,b2
assemble,b2
assembly,b2
assert,b2
assess,b2
assessment,b2
assign,b1
assignment,b1
assist,b1
assistance,b1
assistant,a2
associate,b1
association,a2
assume,b1
assumption,b2
assurance,b2
assure,b2
astonish,b2
astonished,b2
astonishing,b2
astonishment,b2
astronaut,a2
astronomer,b1
astronomy,b2
at,a1
athlete,a2
athletic,b1
athletics,b2
atlantic,b1
atmosphere,b1
atom,a2
atomic,b1
attach,b1
attached,b2
attachment,b1
attack,a2
attain,b1
attainable,b2
attainment,b2
attempt,a2
attend,b1
attendance,b2
attention,a2
attentive,b2
attentively,b2
attitude,a2
attract,b1
attraction,b1
attractive,a2
attractiveness,b2
attribute,b2
atypical,b2
aubergine,b2
audience,a2
audio,a2
audit,b2
audition,b2
august,a1
aunt,a1
author,a2
authorise,b2
authoritative,b2
authority,b1
authorize,b2
automatic,a2
automatically,a2
autumn,a1
auxiliary,b1
availability,b2
available,b1
avenue,b1
average,a2
avoid,a2
await,b2
awake,a1
award,a2
aware,b1
awareness,b1
away,a1
awe,b2
awesome,b1
awful,a2
awkward,b1
ax,b2
axe,b2
axis,b2
baby,a1
babysit,b1
babysitter,b1
back,a1
backache,b1
background,a2
backpack,b1
backpacker,b1
backpacking,b1
backup,b2
backward,b2
backwards,b2
backyard,b2
bacon,b1
bad,a1
bad-tempered,b2
badge,b2
badly,a2
badminton,a2
bag,a1
baggage,b1
bake,a2
baker,b1
bakery,b1
balance,b1
balanced,b2
balcony,a2
bald,b1
balky,b2
ball,a1
ballad,b2
ballet,b2
balloon,a2
ballot,b2
ban,b2
banana,a1
band,a1
bandage,b1
bang,b1
bank,a1
banker,b2
banking,a2
bankrupt,b2
bankruptcy,b2
bar,a1
barbecue,a2
barber,a2
barbershop,b2
bare,b1
barely,b1
bargain,a2
bark,b1
barley,b2
barman,b1
barn,b2
barometer,b2
barrel,b1
barren,b2
barrier,b2
bartender,b2
base,a2
baseball,a1
basement,b1
basic,a2
basically,a2
basin,b1
basis,b1
basket,a2
basketball,a1
bat,a1
batch,a2
bath,a1
bathe,b1
bathhouse,b2
bathroom,a1
battery,a2
battle,b1
battlefield,b2
bay,a2
be,a1
beach,a1
beagle,b2
beak,b2
beam,b2
bean,a1
bear,a1
beard,b1
bearing,b2
beast,b1
beat,b1
beautiful,a1
beautifully,b1
beautify,b2
beauty,a2
beaver,b1
because,a1
become,a1
bed,a1
bedroom,a1
bedside,b1
bee,a1
beef,a1
been,a2
beer,a2
before,a1
beg,a2
begin,a1
beginner,a2
beginning,a2
behalf,b1
behave,b1
behavior,a2
behaviour,a2
behind,a1
being,a1
belief,b1
believe,a1
bell,a1
bellow,b2
belly,a2
belong,a2
belongings,b2
beloved,b1
below,a1
belt,a2
bench,a2
bend,a2
beneath,b1
beneficial,b2
benefit,b1
benevolence,b2
benevolent,b2
bent,b1
berry,b2
beside,a1
besides,a2
best,a1
bestow,b2
bestseller,b2
bet,b1
betray,b2
better,a1
between,a1
bewilder,b2
bewilderment,b2
beyond,a2
bicycle,a1
bid,b2
bidding,b2
big,a1
bike,a1
bikini,b2
bilingual,b1
bill,a2
billion,b2
bin,b1
bind,b2
bio,b2
biochemistry,b1
biography,b1
biological,b2
biology,b1
biotechnology,b2
bird,a1
birdcage,b2
birth,a1
birthday,a1
birthplace,b2
biscuit,a1
bishop,b1
bit,a2
bite,a2
bitter,b1
bitterly,b2
bizarre,b2
black,a1
blackboard,a2
blade,b2
blame,a2
blank,a1
blanket,a2
blast,b2
blaze,b2
bleed,b1
blend,b1
bless,b1
blessing,b1
blind,b1
blindly,b2
blindness,b2
blink,b2
block,a1
blog,b1
blogger,b1
blonde,a2
blood,a2
bloodstream,b2
bloody,b2
bloom,a2
blooming,b2
blossom,b2
blow,a1
blue,a1
blur,b2
blurt,b2
blush,b1
board,a1
boast,b1
boat,a1
body,a1
boil,a2
boiled,a2
boiling,b2
bold,b1
boldly,b1
bolt,b2
bomb,b1
bombard,b2
bomber,b2
bombing,b2
bond,b1
bone,a1
bonus,a2
bony,b2
book,a1
bookcase,a2
booking,b1
bookish,b2
booklet,b2
bookmark,b2
bookshelf,a2
bookshop,a2
bookstore,a1
boom,b1
boost,b2
boot,b1
booth,b2
border,b1
bore,b1
bored,a2
boredom,b1
boring,a1
borrow,a1
boss,a2
bossy,b2
botany,b2
both,a1
bother,a2
bothered,b2
bothersome,b2
bottle,a1
bottom,a1
bounce,b1
bound,b1
bourbon,b2
bow,b1
bowl,a1
box,a1
boxer,b2
boxing,b1
boy,a1
boyfriend,a1
bra,a2
bracelet,b1
bracket,b2
brag,b2
brain,a1
brainstorm,a2
brainstorming,b1
brake,a2
branch,a2
brand,a2
brand-new,b1
brass,b1
brave,a2
bravely,b1
bravery,b2
bread,a1
break,a1
breakable,b2
breakdown,b2
breakfast,a1
breakthrough,b1
breakup,b2
breast,b1
breath,b1
breathe,a1
breathless,b1
breathtaking,b2
breed,b1
breeding,b1
breeze,a2
breezy,b2
brewery,b2
brick,b1
bride,a2
bridge,a1
brief,b1
briefly,b1
bright,a1
brightly,b1
brilliant,a2
brilliantly,b2
bring,a1
broad,b1
broadband,b2
broadcast,b1
broadcaster,b2
broaden,b2
broadly,b2
broccoli,b1
brochure,b2
broken,a1
bronze,b1
brother,a1
brother-in-law,b2
brotherhood,b1
brown,a1
browse,b2
browser,b2
bruise,b2
brush,a1
bubble,b1
bucket,a1
bud,b2
buddy,b1
budget,a2
bug,a2
build,a1
builder,b1
building,a1
bulb,a2
bulimia,b2
bull,b1
bullet,b1
bulletin,b1
bully,b2
bum,b2
bump,b1
bumper,b2
bun,b2
bunch,b1
burden,b1
burdensome,b2
bureau,b1
bureaucracy,b2
burger,a1
burglar,b1
burglary,b2
burgle,b2
burial,b2
burn,a2
burning,b1
burst,b1
bury,a2
bus,a1
bush,a2
business,a1
businessman,a2
businesswoman,a2
bust,b1
bustle,b2
bustling,b2
busy,a1
but,a1
butcher,b1
butter,a1
butterfly,a1
button,a1
buy,a1
buyer,b1
buzz,b2
by,a1
bye,a1
cab,a2
cabbage,b1
cabin,b1
cabinet,b2
cable,b2
cafe,a1
cafeteria,a2
cage,b1
cake,a1
calculate,b1
calculation,b1
calculator,b1
calendar,a2
calf,b1
call,a1
caller,b1
calm,b1
calmly,b2
calmness,b1
camel,b1
camera,a1
camp,a1
campaign,b2
camping,a2
campsite,b1
campus,a2
can,a1
canal,b1
cancel,b1
cancer,b1
candidate,b2
candle,b1
candy,a1
cane,b2
canned,b1
cannonball,b2
canon,b2
canteen,b1
cap,a1
capability,b2
capable,b1
capacity,b1
capital,a2
capsule,b1
captain,a2
caption,b2
captive,b2
capture,b1
car,a1
caravan,b2
carbon,b2
card,a1
cardboard,b2
cardigan,b2
care,a1
career,b1
carefree,b2
careful,a1
carefully,a1
careless,b1
carelessly,b1
carelessness,b1
caring,b2
carnival,b2
carpet,b1
carpool,b2
carriage,b1
carrot,a2
carry,a1
carton,b1
cartoon,a1
carve,b2
cascade,b2
case,a1
cash,a2
cashpoint,b1
cassette,a2
cast,b2
castle,a2
casual,b1
casually,b2
cat,a1
catalog,b2
catalogue,b2
catalyst,b2
catastrophe,b2
catastrophic,b2
catch,a1
catchy,b2
categorisation,b2
categorise,b1
categorization,b2
categorize,b1
category,b1
catering,b2
cathedral,b2
cattle,b1
cause,a2
caution,b1
cautious,b1
cave,b1
cd,a1
cd-rom,b1
cease,b2
ceiling,b2
celebrate,a1
celebration,a1
celebrity,b1
cell,b1
cellar,b2
cellist,b2
cello,b2
cemetery,b2
cent,a2
center,a2
centigrade,b2
centimeter,a2
centimetre,a2
central,b1
centre,a2
century,a2
cereal,a2
ceremony,b1
certain,a2
certainly,a2
certainty,b1
certificate,b2
certification,b2
certify,b2
chain,a2
chair,a1
chairman,a2
challenge,a2
challenging,b1
champagne,a2
champion,b1
championship,a2
chance,a2
chancellor,b2
change,a1
channel,b1
chaos,b1
chaotic,b2
chapter,a2
character,a1
characterise,b1
characteristic,b1
characterize,b1
charge,b1
chariot,b1
charity,b1
charm,b1
charming,b2
chart,a2
chase,b1
chat,a2
cheap,a2
cheat,b2
check,a1
check-in,b1
checkout,b1
checkpoint,b2
cheek,a2
cheeky,b2
cheer,a2
cheerful,b1
cheerfully,b2
cheerfulness,b2
cheese,a1
chef,a2
chemical,a2
chemist,b1
chemistry,b1
chemotherapy,b2
cheque,a2
cherish,b1
cherished,b2
cherry,b2
chess,a2
chest,a2
chew,b2
chicken,a1
chief,b1
child,a1
childhood,a2
childish,b2
chili,a2
chilli,a2
chimney,b2
chimpanzee,a2
chin,a2
chip,b2
chirp,a2
chocolate,a1
choice,a2
choir,b1
choke,b1
choose,a1
chop,b2
christian,b1
chronological,b1
chuckle,b1
chunk,b2
church,a1
cigarette,a2
cinema,a1
circle,a1
circuit,b2
circuitry,b2
circular,b1
circumstance,b2
circus,b1
citizen,a2
citizenship,b1
city,a1
citywide,b2
civil,b1
civilisation,b1
civilization,b1
claim,a2
clam,b2
clap,b2
clarify,b2
class,a1
classic,a2
classical,b1
classification,b2
classify,b1
classmate,a1
classroom,a1
clause,b2
clean,a1
cleaner,a2
clear,a2
clearly,a2
clearness,b2
clerical,b2
clerk,a2
clever,a1
click,a2
client,b2
cliff,b1
climate,b1
climb,a1
climber,b1
climbing,a2
clinic,b1
clip,b1
clock,a1
clog,b2
clone,a2
close,a1
closed,a1
closely,b1
closure,b2
cloth,a1
clothes,a1
clothing,b2
cloud,a1
cloudy,a1
clown,a2
club,a1
clue,a2
clumsy,b2
coach,a1
coaching,b2
coal,b1
coalition,b2
coarse,b2
coast,a2
coastal,b1
coastline,b2
coat,a1
cocktail,b2
cocoa,b2
coconut,b2
cod,b1
code,a1
coffee,a1
coffin,b1
coherence,b2
coherent,b2
coin,a2
coincide,b2
coincidence,b2
coke,a1
cola,a2
cold,a1
collapse,b1
collar,b1
colleague,b2
collect,a1
collection,a1
collector,b2
college,a1
collocation,b2
colon,b2
colonial,b2
color,a1
colorful,a2
colour,a1
colourful,a2
column,a2
columnist,b1
coma,b2
comb,a2
combination,b1
combine,b1
come,a1
comedian,b1
comedy,b1
comet,b1
comfort,b1
comfortable,a2
comfortably,b2
comic,a2
comma,b1
command,b1
commander,b2
commemorate,b2
comment,b1
commerce,b2
commercial,b1
commission,b2
commit,b1
commitment,a2
committee,a2
common,a2
commonly,b1
commonwealth,b2
communicate,a2
communication,a2
communicative,b2
community,b2
commute,b2
companion,b1
company,a2
comparative,a2
compare,a2
comparison,b1
compassion,b2
compassionate,b2
compatible,b2
compensate,b2
compensation,b2
compete,b1
competence,b2
competent,b2
competition,a2
competitive,b1
competitor,b1
compile,b2
complain,a2
complaint,a2
complement,b1
complete,a2
completely,b1
completion,b2
complex,b1
complexion,b2
complexity,b2
complicate,b1
complicated,b1
compliment,b1
component,b2
compose,b1
composer,a2
composition,b1
compound,b1
comprehension,b2
comprehensive,b2
compress,b2
compression,b2
compromise,b1
compulsory,b2
compute,b2
computer,a1
conceal,b2
concede,b2
conceit,b2
conceivable,b2
conceive,b2
concentrate,a2
concentration,b1
concept,b1
conception,b2
concern,a2
concerned,b1
concerning,b2
concert,a1
concession,b2
conclude,b1
conclusion,b1
concrete,b2
condemn,b2
condition,a2
conduct,b1
conductor,b2
cone,b2
conference,b2
conferencing,b2
confess,b2
confession,b2
confidence,b1
confident,a2
confidently,b2
confine,b2
confirm,b1
confirmation,b1
conflict,b1
confront,b2
confuse,a2
confused,a2
confusing,b1
confusion,b1
congratulate,b1
conjunction,b2
connect,b1
connection,b1
connexion,b1
conquer,b1
conquest,b2
conscience,b2
conscious,b1
consciousness,b2
consensus,b2
consent,b2
consequence,a2
consequently,b1
conservation,b1
conservative,b1
consider,a2
considerable,b1
considerably,b2
consideration,b1
considering,b2
consist,a2
consistent,b2
consolation,b2
console,b2
consonant,b1
constant,b2
constantly,b1
constitute,b1
constitution,b1
construct,b1
construction,b1
consult,b2
consultant,b2
consume,b1
consumer,b1
consumption,b1
contact,a2
contain,b1
container,a2
contaminate,b2
contemporary,b2
contempt,b2
content,b1
contest,a1
context,a2
continent,a2
continual,b1
continually,b1
continue,a2
continuous,b1
continuously,b1
contract,b2
contradict,b2
contradiction,b2
contradictory,b2
contrary,b1
contrast,a2
contribute,b1
contribution,b1
control,a2
controversial,b1
controversy,b2
convenience,a2
convenient,a2
conveniently,b2
convention,b2
conventional,b2
conversation,a1
converse,b2
conversely,b2
conversion,b2
convert,b2
convey,b1
convince,b1
convinced,b2
cook,a1
cooker,a2
cookie,a1
cooking,a2
cool,a1
cooler,a2
cooperate,b2
cooperation,b2
cooperative,b2
cop,a1
cope,b2
copper,b2
copy,a1
copyright,b1
coral,b2
core,b2
corn,a1
corner,a1
cornerstone,b2
cornet,b2
corona,b2
corporal,b2
corporate,b2
corporation,b2
correct,a1
correction,b1
correctly,a2
correctness,b2
correspond,b2
correspondence,b2
correspondent,b2
corresponding,b2
corridor,b2
corrupt,b2
corruption,b2
cosiness,b2
cost,a2
costly,b2
costume,b2
cosy,b2
cottage,b2
cotton,b1
couch,a1
cough,b1
could,a1
council,b1
counseling,b1
counselling,b1
count,a2
counter,b1
countless,b1
country,a2
countryman,b2
countryside,a2
countrywide,b2
county,b1
couple,a2
courage,b1
courageous,b1
courgette,b1
course,a1
court,a2
courtesy,b2
cousin,a1
cover,a1
cow,a1
coward,b2
cowardly,b2
coziness,b2
cozy,b2
crab,b2
crack,b2
craft,b1
craftsman,b2
crash,b1
crater,b2
crawl,b2
crazy,a2
cream,a1
crease,b2
create,a2
creation,b2
creative,a2
creatively,b2
creativity,a2
creator,b1
creature,a2
credit,a2
creek,b2
creepy,b2
crew,b2
cricket,a2
crime,a2
criminal,b1
cripple,b2
crisis,b1
crisp,a2
critic,b1
critical,b1
critically,b2
criticise,a2
criticism,b2
criticize,a2
crocodile,b2
crop,b1
cross,a2
crossing,b1
crossly,b2
crossroads,b1
crow,b1
crowd,a2
crowded,a2
crown,a2
crucial,b2
cruel,b1
cruelly,b2
cruelty,b2
cruise,a2
crush,b1
cry,a1
crystallise,b2
crystallize,b2
cube,b2
cubism,b2
cucumber,b1
cuff,b2
culmination,b2
cultivate,b1
cultural,b1
culturally,b2
culture,a1
cup,a1
cupboard,a2
cure,b1
curiosity,b1
curious,b1
curiously,b1
curl,b2
curly,b1
currency,b1
current,b1
currently,b1
curriculum,b1
curry,a2
curse,a2
cursor,b2
curtain,b1
curve,b1
cushion,b1
custom,a2
customer,a2
customs,b1
cut,a1
cute,a1
cv,b1
cyberaddict,b2
cybercafe,b2
cybercrime,b2
cyberpet,b2
cyberschool,b2
cyberspace,b2
cycle,b1
cycling,a2
cyclist,b2
dad,a1
daddy,a1
daft,b2
daily,a2
daisy,b1
dam,a2
damage,b1
damaged,b1
damn,b2
damp,b1
dance,a1
dancer,a2
dancing,a1
dandelion,b2
danger,a2
dangerous,a2
dangerously,b1
dare,b1
dark,a1
darkness,b1
darling,b2
dash,b2
data,b2
database,b2
date,a1
dated,b2
dating,b1
daughter,a1
daughter-in-law,b2
dawn,b2
day,a1
daylight,a2
daytime,b2
daze,b1
dazzle,b1
dead,a2
deadline,b1
deadly,b1
deaf,b1
deal,a2
dealer,b1
dear,a1
dearly,b2
death,a2
debate,a2
debit,b2
debris,b1
debt,b1
decade,b2
decay,b2
deceive,b2
december,a1
decent,b2
deceptive,b2
decide,a2
decision,b1
decisive,b2
deck,b2
declaration,b1
declare,b1
decline,b1
decomposition,b2
decorate,b2
decoration,b2
decorative,b2
decrease,b1
dedicate,b1
dedication,b2
deduce,b2
deduction,b2
deed,b1
deem,b2
deep,a2
deeply,a2
deer,b2
defeat,b1
defence,b1
defend,b1
defender,b1
defense,b1
deficiency,b1
deficit,b2
define,b1
definite,b1
definitely,b1
definition,b1
deforestation,b2
defy,b2
degree,a2
dehumanise,b2
dehumanize,b2
delay,a2
delegate,b2
delete,b1
deliberate,b2
deliberately,b2
delicacy,b2
delicate,b1
delicately,b2
delicious,a1
delight,b1
delighted,b1
delightful,b1
deliver,b1
delivery,b1
demand,b1
demanding,b2
democracy,b1
democratic,b1
demolish,b2
demonstrate,b1
demonstration,b1
denim,b2
dense,b2
densely,b2
dental,b2
dentist,a2
deny,b1
depart,b1
department,b1
departure,b1
depend,a2
dependable,b2
dependent,b1
deposit,b1
depressed,b1
depressing,b1
depression,b1
deprive,b1
depth,b1
deputy,b2
derive,b1
descend,b2
describe,a1
description,a2
descriptive,b2
desert,a2
deserve,b1
design,a1
designer,b1
desirable,b2
desire,b1
desk,a1
desktop,b2
desolation,b2
despair,b1
desperate,b1
desperately,b2
desperation,b2
despise,b2
despite,b1
dessert,a2
destination,b1
destiny,b2
destroy,a2
destruction,b1
destructive,b1
detach,b2
detachment,b2
detail,a2
detailed,b2
detect,b2
detective,b1
determination,b1
determine,b1
determined,b2
determiner,b2
devastate,b1
devastating,b1
develop,a2
developed,a2
developing,b2
development,b1
device,b1
devil,b2
devote,b2
devoted,b2
devotion,b1
diagram,b1
dial,b1
dialog,b1
dialogue,b1
diameter,b1
diamond,a2
diaper,b1
diarrhea,b2
diarrhoea,b2
diary,a2
dictator,b2
dictionary,a1
did,a1
die,a2
diet,a2
differ,b1
difference,a1
different,a1
differently,a2
difficult,a1
difficulty,a2
dig,a1
digest,b2
digital,b1
dignify,b2
dignity,b2
dilemma,b2
diligence,b1
diligent,b1
dim,b2
dime,b2
dimension,b2
dinner,a1
dinosaur,a2
dioxide,b1
dip,b2
diphtheria,b2
diploma,b2
diplomat,b2
direct,a2
direction,a2
directly,b1
director,a2
dirt,b1
dirty,a1
disability,b1
disable,b1
disabled,b1
disadvantage,a2
disagree,a2
disagreement,b1
disappear,a2
disappearance,b2
disappoint,b1
disappointed,a2
disappointing,a2
disappointment,b1
disapproval,b2
disapprove,b2
disaster,b1
disastrous,b1
disc,b1
discharge,b2
disciple,b2
discipline,b2
disco,a2
discomfort,b1
disconnect,b2
discount,b1
discourage,b1
discover,a2
discovery,b1
discredit,b2
discriminate,b2
discrimination,b1
discuss,a1
discussion,a2
disease,b1
disgrace,b2
disguise,b2
disgusting,b1
dish,a1
dishonest,a2
dishonesty,b2
dishwasher,b1
disillusion,b2
disk,b1
dislike,a2
dismiss,b2
disorder,b2
disorderly,b2
disorganised,b2
disorganized,b2
dispensable,b2
displace,b2
display,a2
displeasure,b2
disposal,b2
disposition,b2
dispute,b2
disqualify,b2
disregard,b2
disrupt,b2
dissatisfaction,b2
dissatisfied,b2
dissident,b2
dissolve,b1
distance,b1
distant,b1
distinction,b1
distinctly,b1
distinguish,b1
distinguished,b2
distortion,b2
distract,b2
distraction,b2
distressing,b2
distribute,b1
distribution,b1
distributor,b2
district,b1
disturb,a2
disturbance,b1
dive,b1
diver,b1
diverse,b1
diversion,b2
divert,b2
divide,a2
divided,b2
divine,b1
diving,b1
division,b2
divorce,b2
divorced,b1
dizzy,a2
dj,b1
dna,b2
do,a1
doc,b1
dock,b2
doctor,a1
document,b1
documentary,b1
does,a1
dog,a1
doing,a1
doll,a1
dollar,a1
dolphin,b1
domestic,b2
dominate,b2
donate,b2
donation,b2
done,a2
donkey,b2
doom,b2
door,a1
doorkeeper,b2
doorway,b2
dorm,b2
dormitory,b2
dose,b2
dot,b1
double,a2
doubly,b2
doubt,a2
doubtful,b2
dove,b2
down,a1
downfall,b2
download,a2
downsize,b2
downstairs,a2
downtown,a2
downward,b1
dowry,b2
doze,b1
dozen,b1
dr,a1
draft,b2
drag,b1
drain,b2
drama,a1
dramatic,b1
dramatically,b2
drapery,b2
draught,b2
draw,a1
drawer,a2
drawing,a2
dread,b2
dreadful,b2
dream,a1
dreamy,b2
dress,a1
dressed,a2
drill,a2
drink,a1
drinkable,b2
drive,a1
driver,a1
droop,b2
drop,a1
dropout,b2
drought,b2
drown,b1
drug,a2
drugstore,a2
drum,a1
drunk,b1
dry,a1
duck,a2
dude,b1
due,a1
duel,b2
dull,b1
dumb,b2
dump,b1
duplicate,b2
duplication,b2
during,a2
dust,a2
dustbin,b1
dusty,b1
duty,b1
duty-free,b1
duvet,b1
dvd,a1
dwarf,b2
dye,b2
dynamic,b2
dynasty,b1
e-mail,a1
each,a1
eager,b1
eagerly,b2
eagerness,b1
eagle,b2
ear,a1
earache,b1
early,a1
earn,a2
earnest,b1
earnings,b2
earring,a2
earth,a2
earthquake,a2
ease,b2
easily,a2
east,a2
eastern,b1
eastward,b2
eastwards,b2
easy,a1
easy-going,b1
easygoing,b1
eat,a1
eco,b1
ecological,b1
ecologically,b2
ecologist,b2
ecology,b1
economic,b1
economical,b2
economics,b1
economist,b2
economy,b1
ecosystem,b1
ecstasy,b1
ecstatic,b2
edge,b1
edit,b2
edition,b1
editor,a2
editorial,b2
educate,b1
educated,b2
education,a2
educational,a2
educator,b2
effect,a2
effective,b1
effectively,b2
effectiveness,b2
efficiency,b1
efficient,b1
effort,a2
egg,a1
eight,a1
eighteen,a1
eighty,a1
either,a1
elbow,b1
elderly,a2
elect,b2
election,b1
elective,b2
electric,a2
electrical,b1
electrician,b2
electricity,b1
electron,b1
electronic,b1
electronically,b2
electronics,b2
elegance,b2
elegant,b2
elegantly,b2
element,b1
elemental,b2
elementary,a1
elephant,a2
elevator,a2
eleven,a1
eligible,b2
eliminate,b1
elite,b2
eloquence,b2
eloquent,b2
else,a1
elsewhere,a2
email,a1
embarrass,b1
embarrassed,b1
embarrassing,a2
embarrassment,b1
embassy,b2
embrace,b2
emerge,b1
emergence,b2
emergency,a2
emotion,b1
emotional,b1
emotionally,b1
emperor,b1
emphasis,b1
emphasise,b1
emphasize,b1
emphatically,b2
empire,b1
employ,b2
employee,b2
employer,b2
employment,b1
empty,a2
enable,b1
enclose,b1
encounter,b1
encourage,a2
encouragement,b1
encouraging,b1
encyclopaedia,b1
encyclopedia,b1
end,a1
endanger,b1
endangered,a2
endeavor,b2
endeavour,b2
ending,a2
endless,b1
endlessly,b2
endorse,b2
endurance,b2
endure,b1
enduring,b2
enemy,b1
energetic,a2
energy,b2
enforce,b2
engage,b1
engaged,b1
engagement,b2
engine,b1
engineer,a1
engineering,b1
englishman,b1
engulf,b2
enhance,b2
enjoy,a1
enjoyable,b1
enjoyment,b1
enormous,a2
enough,a2
enquire,b2
enquiry,b1
enrich,b1
enrol,b2
enroll,b2
ensure,b1
enter,a2
enterprise,b2
entertain,b1
entertainer,b1
entertaining,b2
entertainment,a2
enthusiasm,b1
enthusiast,b1
enthusiastic,b1
enthusiastically,b2
entire,b1
entirely,b1
entitle,b2
entrance,a2
entrepreneur,b2
entry,b1
envelope,a2
environment,b2
environmental,b1
environmentalist,b1
environmentally,b2
envy,a2
episode,a2
equal,b1
equality,b1
equally,b1
equation,b2
equip,b2
equipment,b1
equity,b2
era,b1
erect,b2
error,a2
erupt,b2
eruption,b2
escalator,a2
escape,a2
especially,a2
essay,a2
essayist,b2
essence,b1
essential,b1
essentially,b2
establish,a2
establishment,b1
estate,b2
estimate,b1
estimated,b2
eternal,b1
eternally,b2
eternity,b1
ethic,b2
ethnic,b2
euro,a2
evacuate,b2
evacuation,b2
evaluate,b2
evaluation,b2
even,a2
evening,a1
evenly,b1
event,a1
eventually,b1
ever,a2
everlasting,b2
every,a1
everybody,a1
everyday,a1
everyone,a1
everything,a1
everywhere,a1
evidence,a2
evident,b1
evidently,b2
evil,b2
evolution,b2
evolve,b2
exact,b1
exactly,a2
exactness,b2
exaggerate,b2
exaggeration,b2
exalt,b2
exam,a2
examination,b1
examine,b1
examinee,b2
examiner,b1
example,a1
exceed,b2
excel,b2
excellence,b1
excellent,a1
except,a2
exception,b2
exceptional,b2
exceptionally,b2
excess,b1
excessive,b2
exchange,a2
excited,a1
excitedly,b1
excitement,b1
exciting,a1
exclaim,b2
exclude,b2
exclusion,b2
exclusive,b1
exclusively,b2
excursion,b2
excuse,a1
execute,b2
execution,b2
executive,b2
exercise,a1
exhaust,b2
exhausted,b1
exhausting,b2
exhaustion,b2
exhibit,b2
exhibition,a2
exile,b2
exist,a2
existence,b1
existing,b2
exit,b1
exotic,b2
expand,b1
expansion,b2
expect,a2
expectation,b2
expected,b2
expedition,b2
expense,b1
expensive,a1
experience,a2
experienced,b1
experiment,b1
expert,a2
explain,a2
explanation,a2
explode,b2
exploit,b2
exploration,b1
explore,a2
explorer,b2
explosion,b1
explosive,b2
export,b2
expose,b1
express,a2
expression,a2
expressive,b2
exquisite,b2
extend,b1
extension,b2
extensive,b2
extensively,b1
extent,b1
external,b2
extinct,b1
extinction,b1
extra,a2
extract,b2
extraordinarily,b2
extraordinary,b1
extreme,b1
extremely,a2
exultant,b2
eye,a1
eyebrow,b2
eyelash,b2
eyelid,b2
eyesight,b1
fabric,b2
fabulous,b2
face,a1
face-to-face,b1
facilitate,b2
facilities,b2
facility,b1
fact,a2
factor,b2
factory,a1
faculty,b2
fade,b1
fail,a2
failure,b1
faint,b1
fair,a1
fairly,a2
fairy,a1
faith,b2
faithful,b1
fake,b1
fall,a2
fallen,b1
false,a1
falter,b2
fame,b2
familiar,a2
familiarise,b2
familiarize,b2
family,a1
famous,a1
fan,a1
fancy,a2
fantastic,a2
fantastically,b2
fantasy,b1
far,a2
faraway,b1
fare,a2
farewell,b1
farm,a1
farmer,a1
farming,b1
farmland,b1
farther,b1
farthest,b1
fascinate,b1
fascinated,b2
fascinating,a2
fascination,b2
fashion,a2
fashionable,b1
fast,a1
fasten,b1
fat,a1
fatal,b2
fate,b2
father,a1
father-in-law,b2
fault,a2
faulty,b2
favor,a2
favorable,b1
favorite,a1
favour,a2
favourable,b1
favourite,a1
fax,b1
fear,a2
fearsome,b2
feast,b1
feat,b2
feather,a2
feature,a2
february,a1
federal,b2
fee,a2
feed,a1
feedback,b2
feel,a1
feeling,a1
fellow,b1
female,a2
fence,a2
ferry,b1
ferryboat,b2
festival,a1
festive,b1
fetch,b1
fever,a1
feverishly,b1
few,a2
fiber,b2
fibre,b2
fiction,a2
fictional,b2
field,a1
fierce,b2
fifteen,a1
fifth,b1
fifty,a1
fight,a1
fighter,a2
fighting,b2
figurative,b2
figure,a2
file,a1
filial,b2
fill,a1
filling,b1
film,a2
film-maker,b1
filter,b1
final,a2
finally,a2
finance,b1
financial,b1
financially,b2
find,a1
finding,b1
fine,a1
finely,b2
finger,b1
fingernail,b2
finish,a1
fire,a1
firearm,b2
firefighter,b1
fireplace,b2
firework,b1
firm,b1
firmly,b1
firmness,b2
first,a1
first-floor,b1
firstly,b2
fiscal,b2
fish,a1
fisherman,a2
fishing,a1
fit,a2
fitness,b1
five,a1
fix,a2
fixed,b2
flag,a1
flame,b2
flap,b2
flash,b1
flat,a1
flavor,b1
flavour,b1
flaw,b2
flawless,b2
flax,b2
flea,a2
flee,b2
fleet,b2
flesh,b2
flexibility,b2
flexible,b2
flexibly,b2
flight,a2
flip,b2
float,a2
flock,b1
flood,a2
floor,a1
flour,a2
flow,b1
flower,a1
flu,b1
fluency,b2
fluent,b1
fluently,b1
fluid,b2
flunk,b1
flute,b1
flutter,b2
fly,a1
focus,a1
fog,a2
foggy,a1
fold,b1
folder,a2
folk,b1
follow,a2
follower,b2
following,a1
folly,b2
fond,b1
fondly,b2
fondness,b1
food,a1
fool,a2
foolish,b1
foolishly,b2
foot,b1
football,a1
footballer,a2
footnote,b2
for,a1
forbid,a2
forbidden,b1
force,a2
forcefully,b2
forecast,b1
forehead,b1
foreign,a1
foreigner,a1
foreman,b2
foresee,b2
forest,a2
forestry,b2
forever,a2
forget,a1
forgive,b1
fork,a2
form,a1
formal,b1
formally,b1
format,b1
formation,b2
former,b1
formerly,b2
formidable,b2
formula,b1
forth,b1
forthcoming,b2
fortnight,b1
fortunate,b1
fortunately,a2
fortune,a2
forty,a1
forward,a2
forwards,a2
foul,b2
found,b2
foundation,b1
fountain,b1
four,a1
fourteen,a1
fox,b2
fragment,b1
fragrance,b2
frame,a2
frank,a2
frankly,b2
frantically,b2
fraud,b2
freak,b2
free,a1
freedom,a2
freely,b1
freeze,a2
freezer,b1
freezing,b1
frequency,b1
frequent,b1
frequently,b1
fresh,a2
freshman,b1
friday,a1
fridge,a2
fried,a2
friend,a1
friendliness,b1
friendly,b2
friendship,a2
frigate,b2
fright,b1
frighten,a2
frightened,a2
frightening,a2
frog,a1
from,a1
front,a1
frontier,b2
frost,b1
frozen,b1
frugal,b2
fruit,a1
frustrated,b1
frustration,b1
fry,a2
fuel,b1
fulfil,b2
fulfill,b2
full,a1
full-time,b1
fully,a2
fume,b2
fun,a1
function,a2
functional,b2
functionality,b2
fund,b1
fundamental,b2
funeral,b1
funk,b2
funky,b2
funny,a1
fur,b1
furious,b2
furiously,b2
furnish,b1
furniture,a2
furor,b2
furore,b2
further,a2
furthermore,b1
furthest,b1
fuss,b1
future,a1
gaiety,b2
gain,b1
gall,b1
gallery,a2
gallon,b1
gambling,b2
game,a1
gang,b2
gangster,b2
gaol,b1
gap,b1
garage,a2
garbage,a1
garden,a1
gardener,b2
gardening,b1
garlic,a2
garment,b1
gas,a2
gasp,b2
gate,a2
gateway,b2
gather,a2
gaudy,b2
gay,b1
gaze,b2
gear,b2
gee,b1
gender,a2
gene,b1
general,b1
generalisation,b2
generalise,b2
generalization,b2
generalize,b2
generally,b1
generate,b1
generation,a2
generosity,b2
generous,b1
generously,b2
genetic,b1
genetically,b1
genetics,b1
genius,b2
genre,b2
gentle,a2
gentleman,b1
gently,b2
genuine,b2
genuinely,b2
geographic,b2
geographical,b1
geography,b1
geology,b1
germ,b2
gesture,b1
get,a1
getaway,b2
ghetto,b2
ghost,a1
giant,b1
gift,a1
gifted,b1
giggle,b1
ginger,b1
giraffe,b1
girl,a1
girlfriend,a1
give,a1
giveaway,b2
given,a2
glacis,b2
glad,a1
glamorous,b2
glamourous,b2
glance,b1
glare,b2
glass,a1
glasses,a1
gleam,b2
glee,b2
glide,b1
glimpse,b1
glint,b1
global,b1
globally,b2
globe,a2
glocal,b2
gloomy,b2
glorify,b2
glorious,b1
glory,b1
glove,a2
glow,b2
go,a1
goal,a1
goalkeeper,b1
goat,b2
god,b2
goddess,b1
godly,b2
gold,a1
golden,a2
golf,a2
golfer,b1
good,a1
good-looking,a2
goodness,b1
goods,b1
goodwill,b2
gook,b2
gorge,b2
gorgeous,b1
gorilla,b1
gossip,b1
govern,b1
government,a2
governmental,b2
governor,b1
gown,b1
grab,b1
grace,a2
graceful,b1
gracefulness,b2
grade,a1
gradual,b2
gradually,a2
graduate,a2
graduation,b1
grain,b2
gram,a2
grammar,a1
gramme,a2
grand,b2
grandchild,a2
granddad,a2
granddaughter,a2
grandfather,a1
grandma,a1
grandmother,a1
grandpa,a1
grandparent,a1
grandson,a2
granny,a2
grant,b1
grape,a1
graph,b1
graphic,b1
graphically,b2
graphics,b1
grasp,b2
grass,a1
grateful,a2
gratitude,b1
grave,b1
gravestone,b2
gravitation,b2
gravy,b1
gray,a1
great,a1
greatly,a2
greatness,b2
greedy,a2
green,a1
greenhouse,b1
greet,a1
greeting,b1
grey,a1
grief,b2
grieve,b2
grill,b1
grilled,a2
grim,b2
grin,b2
grip,b2
groom,b1
gross,b2
ground,a1
group,a1
grouping,b1
grow,a1
growing,b2
grown-up,b2
growth,b1
guarantee,b1
guard,a2
guerrilla,b2
guess,a1
guest,a1
guidance,b1
guide,b1
guidebook,a2
guideline,b2
guilt,b1
guilty,b1
guitar,a1
guitarist,b1
gulp,b2
gum,b2
gun,a2
gunshot,b2
guts,b2
guy,a1
gym,b1
gymnastic,b2
gymnastics,b1
habit,a1
habitant,b2
habitat,b1
had,a1
hail,b2
hair,a1
haircut,a1
hairdresser,b1
hairdryer,b1
hairy,b2
half,a1
half-price,a2
hall,a1
ham,a2
hamburger,a1
hammer,b1
hand,a1
hand-held,b1
handbag,a2
handball,b1
handicap,b2
handicapped,a2
handicraft,b2
handkerchief,b1
handle,a2
handout,b2
handrail,b2
handshake,b1
handsome,a1
handwriting,b1
handy,b1
hang,b1
hanging,b1
happen,a1
happily,a2
happiness,a2
happy,a1
harbor,b1
harbour,b1
hard,a1
hard-working,b1
hardly,a2
hardship,b1
hardware,b2
harm,a2
harmful,a2
harmless,b2
harmony,a2
harness,b1
harrow,b2
harvest,a2
has,a1
haste,b2
hastily,b2
hasty,b1
hat,a1
hatch,b1
hatching,b2
hate,a2
hatred,b1
haunt,b1
haunting,b2
have,a1
haven,b1
having,a1
hay,b2
hazard,b1
hazardous,b2
he,a1
head,a1
headache,a1
headline,b1
headphone,a2
headquarters,b2
headteacher,a2
heal,b1
healing,b1
health,a1
healthy,a1
heap,b2
hear,a1
hearing,b1
heart,a1
heart-warming,b2
heartbreaking,b2
hearted,b1
heartwarming,b2
hearty,b1
heat,a2
heater,b1
heating,a2
heaven,b1
heavenly,b1
heavily,a2
heavy,a1
hedge,b2
heel,b1
height,b1
helicopter,b2
hell,b2
hello,a1
helmet,b1
help,a1
helper,b2
helpful,a2
helpless,b1
hemp,b2
her,a1
herb,b2
herd,b1
here,a1
heritage,b2
hero,a2
hers,a1
herself,a2
hesitate,b1
hesitation,b2
hey,a2
hi,a1
hi-tech,b2
hidden,b1
hide,a1
high,a1
high-tech,b2
highlight,b1
highly,b1
highway,a2
hijack,b2
hike,a2
hiking,a2
hilarious,b2
hill,a1
him,a1
himself,a2
hint,b2
hip,b1
hip-hop,a2
hiphop,a2
hire,b1
his,a1
historian,b1
historic,b1
historical,b1
history,a1
hit,a2
hiv,b1
hobby,a1
hockey,a2
hold,a1
holder,b2
hole,a1
holiday,a1
hollow,b2
holocaust,b2
holy,b1
home,a1
homeless,b1
hometown,a1
homeward,b2
homework,a1
hone,b2
honest,b1
honestly,b1
honesty,b1
honey,a2
honeymoon,b1
honor,a2
honorable,b2
honour,a2
honourable,b2
hood,b2
hook,b2
hop,b1
hope,a1
hopeful,b1
hopefully,b1
hopeless,b1
horizon,b1
horn,b1
horrible,b1
horrify,b1
horror,a2
horse,a1
hospice,b2
hospitable,b2
hospital,a1
hospitalise,b2
hospitality,b2
hospitalize,b2
host,a2
hostel,b1
hot,a1
hotel,a1
hour,a1
hourly,b2
house,a1
household,b1
housekeeper,b2
housemaster,b2
housewife,b2
housework,b1
hover,b2
how,a1
however,a2
hug,a2
huge,b1
hugely,b2
human,a2
humane,b2
humanise,b2
humanist,b2
humanity,b1
humanize,b2
humble,b2
humbug,b2
humid,b1
humiliate,b2
humiliating,b2
humiliation,b2
humor,b1
humorous,b1
humour,b1
hundred,a2
hunger,b1
hungry,a1
hunt,b1
hunter,a2
hunting,b2
hurriedly,b1
hurry,a1
hurt,a1
husband,a1
hush,b2
hut,b1
hybrid,b2
hygiene,b2
hyperbole,b2
hyphen,b2
i,a1
ice,a1
iceman,b2
icon,b2
icy,b2
id,a2
idea,a1
ideal,a1
ideally,b2
identical,b2
identification,b2
identify,b2
identity,b1
ideology,b2
idiom,b1
idiot,b2
idle,b2
idol,b1
idolise,b2
idolize,b2
if,a1
ignorance,b2
ignorant,b2
ignore,b1
ill,a2
illegal,a2
illegally,b1
illness,b1
illuminate,b1
illustrate,b2
illustration,b2
image,a2
imagery,b2
imaginary,b1
imagination,a2
imagine,a1
imitate,b1
imitation,b2
immediate,b1
immediately,b1
immerse,b2
immigrant,b2
immigrate,b1
immigration,b1
immoral,b2
immortal,b2
immortality,b2
impact,a2
impair,b1
impartial,b2
impatient,a2
impatiently,b2
imperative,b2
impermanent,b2
implement,b2
implication,b2
imply,b2
impolite,b2
impolitely,b2
import,b2
importance,a2
important,a1
importantly,a2
impose,b2
impossibility,b2
impossible,a2
impractical,b2
impress,a2
impressed,b2
impression,b1
impressionism,b2
impressionist,b2
impressive,b1
imprison,b2
imprisonment,b2
improbable,b2
improper,b1
improperly,b2
improve,a2
improved,b2
improvement,b1
impulse,b2
impulsive,b2
in,a1
inaccurate,b2
inadequate,b2
inanimate,b2
inborn,b2
incense,b2
incentive,b2
inch,a2
incident,b1
include,a2
including,b1
income,b1
inconvenient,b1
incorrect,b1
increase,a2
increasingly,b1
incredible,b1
incredibly,b1
incur,b2
incurable,b2
indebted,b2
indeed,a2
indent,b2
independence,a2
independent,b1
independently,b2
indescribable,b2
index,b2
indicate,a2
indifferent,b2
indignity,b2
indirect,b1
indirectly,b1
indispensable,b2
individual,b1
indoor,a2
indoors,b1
indulge,b2
indulgent,b2
industrial,b1
industrialise,b2
industrialize,b2
industry,b1
ineffective,b2
inert,b2
inevitable,b1
inexpensive,a2
inexperienced,b2
infant,b2
infect,b2
infected,b2
infection,b1
infectious,b2
infer,b2
inference,b2
infinitive,b1
inflammation,b2
inflammatory,b2
inflate,b2
inflation,b2
influence,a2
influential,b2
influenza,b2
inform,b1
informal,b2
information,a1
informative,b1
infringe,b2
infringement,b2
ingredient,b1
inhabit,b2
inhabitant,b1
inhale,b1
inherit,b2
initial,b1
initially,b1
initiative,b2
inject,b1
injection,b2
injure,a2
injured,b2
injury,b1
ink,b1
innate,b2
inner,a2
innermost,b1
innocent,b1
innocently,b2
innovation,b2
innovative,b2
innovator,b1
input,b2
inquire,b2
inquiry,b1
insane,b1
inscribe,b1
inscription,b1
insect,a2
inseparable,b2
inside,a1
insight,b1
insist,b1
inspect,b2
inspection,b1
inspector,b2
inspiration,a2
inspirational,b2
inspire,b1
instal,b1
install,b1
instance,b1
instant,a2
instantly,b2
instead,a2
instil,b2
instill,b2
instinct,b2
institute,b1
institution,b2
instruct,b2
instruction,b1
instructor,b1
instrument,a2
insufficient,b2
insult,b2
insurance,b1
integrate,b2
intellectual,b2
intelligence,a2
intelligent,a2
intend,b1
intense,b1
intensive,b1
intent,b2
intention,b1
intentionally,b1
interact,b1
interaction,b1
interactive,b2
interest,a2
interested,a1
interesting,a1
interfere,b2
interior,b2
intermediate,b1
intermission,b1
internal,b1
international,a2
internationally,b1
internet,a1
interpersonal,b2
interpret,b2
interpretation,b2
interpreter,b2
interrupt,b1
interruption,b2
intersection,b2
interval,b1
interview,a1
interviewee,b1
interviewer,a1
intimate,b2
into,a1
intransitive,b2
intravenous,b2
introduce,a1
introduction,b1
intrude,b2
intruder,b2
intrusion,b2
invade,a2
invariable,b2
invariably,b2
invasion,b1
invent,a2
invention,a2
inventor,b2
invest,b1
investigate,b2
investigation,b1
investigator,b2
investment,b2
investor,b2
invisible,b2
invitation,b1
invite,a2
invitingly,b2
invoke,b2
involuntarily,b1
involve,b1
involved,b1
involvement,b2
iron,b1
ironically,b2
ironing,b1
irrational,b2
irregular,b1
irresistible,b2
irresistibly,b2
irresponsible,b2
irritate,b1
irritated,b2
irritating,b2
irritation,b2
is,a1
island,a1
islander,b2
isle,b1
isolation,b1
issue,a2
it,a1
italicise,b2
italicize,b2
itch,b2
item,a1
its,a1
itself,a2
ivory,b1
jacket,a1
jade,b1
jail,b1
jam,a2
january,a1
jar,b1
jaw,b2
jazz,b1
jealous,b1
jealously,b2
jeans,a1
jelly,a2
jeopardise,b2
jeopardize,b2
jet,a1
jewel,b1
jeweler,b2
jeweller,b2
jewellery,a1
jewelry,a1
job,a1
jog,b1
jogging,b1
join,a1
joint,b1
joke,a2
journal,b1
journalism,b2
journalist,b1
journey,a2
joy,a2
judge,a1
judgement,b1
judgment,b1
judo,b2
jug,b1
juice,a1
juicy,b1
july,a1
jump,a1
jumper,b1
june,a1
jungle,b1
junior,a2
junk,a2
juror,b2
jury,b2
just,a1
justice,b1
justify,b2
kangaroo,b2
karaoke,b2
keen,b2
keep,a1
keeper,b2
kerosene,b2
kettle,b1
key,a1
keyboard,b1
keystroke,b2
kick,a1
kid,a1
kill,a1
killer,a2
killing,b1
kilo,a2
kilogram,a2
kilogramme,a2
kilometer,a2
kilometre,a2
kind,a1
kindly,a2
kindness,b1
king,a1
kingdom,a2
kiss,a1
kit,a2
kitchen,a1
kite,a1
kitten,b1
knee,a1
kneel,b2
knife,a1
knit,b1
knock,a2
knot,b2
know,a1
knowingly,b2
knowledge,a2
known,b2
lab,b1
label,b2
labor,a2
laboratory,b1
laborer,b2
labour,a2
labourer,b2
lack,a2
ladder,b1
lady,a1
lake,a2
lamb,b1
lame,b2
lamp,a2
lance,b2
land,a2
landing,b2
landlady,b2
landlord,b1
landscape,a2
landslide,b2
lane,a2
language,a1
lap,b2
laptop,b2
large,a1
largely,b1
lark,b2
laser,b2
last,a2
last-minute,b2
lasting,b1
lastly,b2
late,a1
latecomer,b1
lately,b1
later,a1
latest,a2
latter,a2
laugh,a1
laughter,b1
launch,b1
laundry,b2
lava,b2
law,a2
lawful,b1
lawmaker,b2
lawn,b2
lawsuit,b2
lawyer,a2
lay,b1
layabout,b2
layer,b1
laziness,a2
lazy,a1
lead,a2
leader,a1
leadership,b1
leading,b1
leaf,a1
leaflet,b2
league,b1
leak,b2
lean,b1
leap,b1
learn,a1
learner,a2
learning,b2
lease,b2
leash,b2
least,a2
leather,a2
leave,a1
lecture,b1
lecturer,b2
leek,b2
left,a1
left-hand,a2
leg,a1
legal,b1
legally,b1
legend,b2
legendary,b2
legislate,b2
legislation,b2
legislative,b2
legislator,b2
legislature,b2
legitimate,b2
leisure,a2
leisurely,b2
lemon,a2
lemonade,a2
lend,a2
length,b1
lengthen,b2
lengthy,b2
leopard,b2
less,a2
lessen,b1
lesson,a1
lest,b2
let,a1
letter,a1
lettuce,b1
level,a2
liar,b1
liberal,b2
liberate,b1
liberation,b1
liberty,a2
librarian,b1
library,a1
licence,a2
license,a2
lick,b2
lid,b2
lie,a2
life,a1
lifeguard,b1
lifeless,b2
lifelong,b1
lifestyle,a2
lifetime,b2
lift,b1
light,a1
lighten,b2
lighter,b1
lighting,b2
lightly,b1
lightning,b1
like,a1
likely,a2
likeness,b1
likewise,b2
lily,a1
limb,b2
limit,b1
limitation,b1
limited,b1
limp,b1
line,a1
linen,b2
liner,b2
ling,b2
linger,b2
link,b1
lion,a1
lip,a2
liquid,b1
list,a1
listen,a1
listener,b2
liter,a2
literal,b2
literally,b2
literary,b1
literature,b1
litre,a2
litter,b2
little,a1
live,a1
lively,a2
liver,b1
living,a1
load,a2
loaf,b1
loan,b2
lobby,b2
local,a2
locate,b1
location,b1
lock,a2
lodge,b1
log,b1
logic,b1
logical,a2
logo,b1
loneliness,b2
lonely,a1
long,a1
long-distance,b2
long-term,b2
look,a1
loose,a2
loosely,b2
lorry,b1
lose,a2
loss,b1
lost,a2
lot,a1
lottery,b1
loud,b1
loudly,a2
loudspeaker,b1
lousy,b2
love,a1
lovely,a1
lover,a2
lovingly,b1
low,a2
lower,b2
lowland,b2
loyal,b1
loyalty,b1
luck,a1
luckily,a2
lucky,a1
lucrative,b2
luggage,b1
lunch,a1
lunchtime,a2
lung,b1
lush,b2
luxurious,b2
luxury,b1
lyric,a2
lyrics,b2
machine,a1
mad,a2
madam,b2
madame,b2
madness,b2
maestro,b2
magazine,a1
magic,a2
magical,b1
magician,b1
magnificent,b1
magnify,b2
mail,a1
mailbox,b1
main,b1
mainly,a2
maintain,b1
maintenance,b1
major,a2
majority,b1
make,a1
make-up,a2
maker,a2
malady,b2
malaria,b2
male,a2
mall,a2
mama,b2
mamma,b2
man,a1
manage,a2
management,b1
manager,a2
mango,b2
manipulate,b2
mankind,b1
manner,a2
mansion,b2
manual,b2
manufacture,b2
manufacturer,b2
manufacturing,b2
many,a1
map,a1
maple,b1
marathon,b2
marble,b1
march,a1
margin,b2
marine,b1
mark,a2
marked,b1
market,a2
marketing,b2
marriage,b1
married,a2
marry,a2
marvellous,a2
marvelous,a2
mash,b1
mask,b2
mass,b1
massacre,b2
massage,b2
masseur,b2
massive,b1
master,b2
masterpiece,b2
mastery,b2
match,a1
mate,b2
material,a2
math,a1
mathematical,b2
mathematician,b1
mathematics,b1
maths,a1
matter,a1
mature,b2
mausoleum,b2
max,a2
maximum,b1
may,a1
maybe,a1
mayor,b1
me,a1
meal,a1
mean,a1
meaning,a2
meaningful,b1
means,b2
meanwhile,b1
measure,b1
measurement,b1
meat,a1
mechanic,b1
mechanical,b1
mechanise,b2
mechanize,b2
medal,a2
media,b2
mediaeval,b2
medical,a2
medication,b2
medicine,a1
medieval,b2
mediocre,b2
meditate,b1
meditation,b1
mediterranean,b1
medium,b1
meet,a1
meeting,a1
melody,b2
melon,a2
melt,b1
member,a2
membership,b1
memorable,b1
memorial,b2
memorise,b1
memorize,b1
memory,a1
mend,b1
mental,b1
mentally,b1
mention,a2
mentor,b2
menu,a2
merchandise,b2
merchant,b1
mercy,b2
mere,b1
merely,b1
merge,b2
merger,b2
merry,a1
mess,b1
message,a1
messenger,b2
messy,b1
metal,a2
metaphor,b2
meter,a2
method,a2
metre,a2
metric,b2
micro,b2
microbe,b2
microcomputer,b2
micrometer,b2
micrometre,b2
microorganism,b2
microphone,b2
microscope,b2
microscopic,b2
microscopy,b2
microwave,b2
midday,a2
middle,a1
middle-aged,b1
midnight,a2
midst,b2
might,a2
mighty,b2
migration,b2
mild,b1
mile,b1
military,a2
milk,a1
mill,b2
millimeter,b2
millimetre,b2
million,a2
millionaire,b2
mimic,b2
mind,a1
mine,a1
mineral,b1
miniature,b2
minimise,b1
minimize,b1
minimum,b1
minister,b2
minor,b1
minority,b1
mint,b2
minus,b1
minute,a1
miracle,b1
mirror,a2
mischief,b1
misconception,b2
miserable,b1
misery,b1
misfortune,b2
mislead,b1
misleading,b2
miss,a1
missile,b2
missing,a2
mission,b1
mist,b2
mistake,a2
mistreat,b2
mistrustful,b2
misty,b1
misunderstand,b2
misunderstanding,b1
mix,a2
mixture,b2
mobile,a1
mobility,b2
mock,b2
modal,b1
model,a2
modem,b1
moderate,b1
modern,a2
modernisation,b2
modernise,b2
modernization,b2
modernize,b2
modest,b2
modification,b2
modify,b1
mogul,b2
moisture,b1
mold,b2
molecule,b1
mom,a1
moment,a1
momentarily,b2
momentary,b2
mommie,a1
mommy,a1
monastery,b2
monday,a1
money,a1
monitor,b1
monk,b1
monkey,a1
monster,b1
month,a1
monthly,b1
monument,b1
mood,a2
moody,b2
moon,a1
moonlight,b2
moonscape,b2
moral,b1
morality,b2
morally,b2
more,a1
moreover,b1
morning,a1
mortal,b2
mortar,b2
mortgage,b2
mortify,b2
mosque,a2
mosquito,b1
moss,b1
most,a1
mostly,a2
mother,a1
mother-in-law,b2
motherland,b1
motion,b2
motionless,b1
motivate,b1
motivated,b2
motivation,b1
motive,b1
motor,b1
motorbike,b2
motorcycle,b1
motorist,b2
motorway,a2
motto,b1
mould,b2
mount,b1
mountain,a1
mountaintop,b1
mourn,b1
mournful,b2
mouse,a1
moustache,b2
mouth,a1
move,a1
movement,b1
mover,b2
movie,a1
moving,b2
mr,a1
mrs,a1
ms,a2
much,a1
mud,b1
muddy,b2
mug,a2
mule,b1
multiple,b2
multiply,b2
mum,a1
mumble,b2
murder,a2
murderer,b1
murmur,b2
muscle,b1
muse,b2
museum,a2
mushroom,a2
music,a1
musical,a2
musician,a1
must,a1
mustache,b2
mustard,b1
mutability,b2
mutable,b2
mutter,b2
mutton,b2
mutual,b1
my,a1
myself,a2
mysterious,a2
mystery,a2
mystify,b2
myth,b1
nail,b1
naked,b1
name,a1
nano,b2
nap,b1
napkin,a2
narcissistic,b2
narrate,b1
narrative,b1
narrator,b2
narrow,b1
narrowly,b2
nasty,b1
nation,a2
national,a2
nationalist,b1
nationality,a1
nationwide,b2
native,a2
natural,a2
naturally,b1
nature,a2
naughty,b2
naval,b2
navigate,b2
navigation,b2
navy,b2
near,a1
nearby,b1
nearly,a2
neat,b2
necessarily,b2
necessary,a2
necessity,b2
neck,a1
necklace,b1
nectar,b1
need,a1
needle,b1
needless,b2
needy,b2
negative,a2
negatively,b2
neglect,b2
negotiate,b1
negotiation,b1
neighbor,a1
neighborhood,b1
neighboring,b2
neighbour,a1
neighbourhood,b1
neighbouring,b2
neither,b2
nephew,b1
nerve,b2
nerves,b2
nervous,a2
nervously,b2
nervousness,b1
ness,b1
net,a2
netsurfer,b2
network,b1
neurosis,b2
neutral,b1
never,a1
nevertheless,b1
new,a1
newborn,b1
newcomer,b1
newly,b1
news,a1
newscaster,b2
newspaper,a1
newsworthy,b2
next,a2
next-door,b1
nice,a1
nicely,b2
nickname,b1
niece,b1
night,a1
nightclub,b2
nightlife,b1
nightmare,b2
nine,a1
nineteen,a1
ninety,a1
no,a1
nobility,b2
noble,b2
nobleman,b2
nobody,a2
nod,b1
noise,a1
noisily,b1
noisy,a2
nomad,b2
nomination,b2
nominee,b2
non-smoking,b2
none,b1
nonetheless,b1
nonprofessional,b2
nonsense,b1
noon,a2
nor,b1
normal,a2
normally,b1
north,a2
northeast,b1
northeastern,b1
northern,b1
northward,b2
northwards,b2
northwest,b1
northwestern,b1
nose,a1
nostril,b2
not,a1
note,a1
notebook,a1
nothing,a1
notice,a2
noticeable,b1
noticeboard,b1
notion,b1
notorious,b1
nought,b2
noun,a2
nourish,b2
nourishment,b2
novel,a2
novelist,b1
novelty,b2
november,a1
now,a1
nowadays,a2
nowhere,b1
nuclear,b1
nucleus,b1
nuisance,b2
number,a1
numerical,b2
numerous,b1
nurse,a1
nursery,b2
nut,b2
nutrient,b1
nutrition,b1
nutritious,b1
nutshell,b2
o'clock,a1
oak,a2
oath,b2
obedience,b2
obedient,b2
obey,b2
obituary,b2
object,b1
objection,b1
objective,b1
obligation,b2
observation,b1
observe,b1
observer,b2
obsess,b2
obsession,b2
obsessive,b2
obstacle,b1
obtain,b1
obvious,b1
obviously,b1
occasion,b1
occasional,b1
occasionally,b1
occupation,a2
occupy,b1
occur,b1
ocean,b1
october,a1
odd,b2
of,a1
off,a1
offence,b2
offend,b2
offender,b2
offense,b2
offensive,b1
offer,a2
offhand,b2
office,a1
officer,a1
official,a2
officially,b1
offshore,b2
often,a1
oil,a2
oily,b1
ointment,b2
ok,a1
okay,a1
old,a1
old-fashioned,b1
olive,b2
olympia,b2
olympiad,b2
olympic,a2
olympics,a1
omelet,a2
omelette,a2
on,a1
once,a1
one,a1
oneself,b1
onion,a2
online,a2
only,a1
onstage,b1
onto,b1
open,a1
opening,b1
openly,b2
opera,a1
operate,a2
operation,b1
operator,b2
opinion,a2
opponent,b2
opportunity,a2
oppose,a2
opposite,a2
opposition,b1
oppress,b1
oppression,b1
optimism,b2
optimist,b2
optimistic,b2
option,b1
optional,b2
or,a1
oral,b1
orange,a1
orator,b2
orbit,b1
orchestra,b1
orchestral,b2
orchid,b2
order,a1
orderly,b1
ordinary,b1
organ,b1
organic,b1
organisation,b1
organise,a2
organised,a2
organiser,b2
organism,b1
organization,b1
organize,a2
organized,a2
organizer,b2
origin,b1
original,a2
originality,b2
originally,b2
originate,b2
ornament,b2
orphan,a2
other,a1
otherwise,b1
ounce,b2
our,a1
ours,a1
ourselves,a2
out,a1
out-of-date,b1
outback,b2
outbreak,b2
outcome,b2
outdistance,b2
outdo,b2
outdoor,b1
outdoors,b1
outer,b1
outfit,b2
outgrow,b2
outing,b2
outlaw,b1
outlet,b2
outline,b1
outlive,b2
outlook,b2
outpatient,b2
output,b2
outrage,b2
outrageous,b2
outshine,b2
outside,a1
outsider,b2
outskirts,b2
outstanding,b1
outward,b1
outwardly,b2
outweigh,b1
oval,b2
oven,a2
over,a1
overall,b2
overboard,b2
overbook,b2
overcoat,b2
overcome,b1
overemphasise,b2
overemphasize,b2
overestimate,b2
overhear,b2
overjoyed,b1
overlap,b2
overlook,b2
overly,b2
overnight,b1
overseas,a2
overshadow,b2
oversize,b2
overstep,b2
overtake,b2
overthrow,b2
overtime,b2
overturn,b2
overweight,a2
overwhelm,b1
overwhelming,b1
overwork,b1
ow,b2
owe,b1
owing,b1
owl,b2
own,a1
owner,a1
ox,b2
oxygen,b1
ozone,b2
pa,b2
pace,b1
pacific,a2
pack,a2
package,b1
packed,b2
packet,b2
packing,b1
pad,b2
paddle,b1
page,a1
paid,b1
pain,b1
painful,b1
paint,a1
paintbrush,b2
painter,a2
painting,a1
pair,a1
pajamas,b2
pal,a2
palace,a1
pale,b1
pallet,b2
palm,b1
pan,a2
pancake,b2
pandemic,b2
panel,b2
panic,a2
pants,a1
papaya,b2
paper,a1
paperless,b2
paperwork,b2
parachute,b1
parade,b2
paradise,b1
paradox,b2
paragraph,a1
paralyse,b1
paralysis,b2
paralyze,b1
paramedic,b2
paratrooper,b2
parcel,b1
pardon,a1
parent,a1
parental,b1
park,a1
parking,b1
parliament,b2
parrot,b1
part,a2
part-time,b1
partial,b1
participant,b1
participate,b1
participation,b2
participle,b1
particle,b2
particular,b2
particularly,b1
partisan,b2
partly,a2
partner,a1
partnership,b2
party,a1
pass,a2
passage,a2
passenger,a2
passion,b1
passionate,b2
passionately,b2
passive,b1
passport,b1
password,b1
past,a1
pasta,a2
pastor,b2
pastoral,b2
patch,b2
path,a2
patience,b1
patient,a2
patiently,b2
patriot,b2
patriotic,b2
patriotism,b2
patrol,b1
patron,b2
pattern,b1
pause,b1
pave,b2
pavement,b2
paw,b2
pawnbroker,b2
pawnshop,b2
pay,a1
payment,b2
pc,a2
pea,a2
peace,a1
peaceful,a2
peacefully,b2
peach,b2
peak,b2
peanut,b1
pear,a2
pearl,b2
pebble,b2
peculiar,b1
pedal,b2
pedantic,b2
pedestrian,b2
pee,b2
peel,b2
peep,b2
peer,b2
peg,b2
pen,a1
penalise,b2
penalize,b2
penalty,b2
pence,a2
pencil,a1
penetrate,b2
penfriend,a2
penguin,b2
penicillin,b2
penniless,b1
penny,b1
pension,b2
pentagon,b2
people,a1
pepper,a2
per,b1
perceive,b2
percent,b1
percentage,b2
perception,b2
perfect,a2
perfectly,a2
perform,a2
performance,a2
performer,b1
perfume,a2
perhaps,a2
period,a1
permanence,b2
permanent,b1
permanently,b1
permeate,b2
permission,a2
permit,b1
perseverance,b2
persist,b2
persistence,b2
persistent,b2
person,a1
personal,a1
personality,a2
personally,b1
personification,b2
personify,b2
personnel,b2
perspective,b2
perspiration,b2
persuade,b1
persuasion,b2
persuasive,b1
pessimist,b2
pessimistic,b2
pet,a1
petrified,b2
petrol,a2
petty,b2
ph,b2
phantom,b1
pharmacist,b2
pharmacy,b1
phase,b2
phenix,b1
phenomenon,b1
philosopher,b1
philosophical,b2
philosophy,b1
phoenix,b1
phone,a1
photo,a1
photocopy,b1
photograph,a2
photographer,a2
photography,a2
phrase,b1
physical,a2
physically,a2
physician,b2
physics,b1
pi,b2
piano,a1
pick,a1
pickle,b2
picky,b2
picnic,a1
picture,a1
picturesque,b2
pie,b1
piece,a1
piety,b1
pig,a1
pile,a2
pilgrim,a2
pill,a2
pillow,b1
pillowcase,b2
pilot,a2
pin,b1
pine,b2
pineapple,b1
pink,a1
pint,b2
pipe,b1
piracy,b2
pirate,b2
pit,b1
pitch,b2
pity,a2
pizza,a1
place,a1
plague,b2
plain,b1
plan,a1
plane,a1
planet,a2
planning,b2
plant,a2
plastic,a2
plate,a2
platform,b1
play,a1
player,a1
playful,a2
playground,a2
playmate,b2
playwright,b2
plead,b2
pleasant,a2
pleasantly,b1
please,a1
pleased,a2
pleasing,a2
pleasure,a1
plenty,a2
plot,b2
pluck,b2
plug,b1
plum,b2
plumber,b2
plural,a2
plus,a2
pm,a1
pneumonia,b2
pocket,a1
poem,a1
poet,b1
poetry,b1
point,a1
pointless,b2
poison,b1
poisonous,b1
pole,b1
police,a2
policeman,a2
policewoman,a2
policy,b1
polio,b2
polish,b2
polite,a2
politely,b1
politeness,b2
political,a2
politically,b2
politician,b1
politics,b1
polity,b2
pollutant,b1
pollute,a2
pollution,a1
polo,b2
pond,b1
ponder,b2
pool,a1
poor,a1
pop,a1
popcorn,b1
popular,a2
popularise,b2
popularity,b2
popularize,b2
population,a2
porch,b2
pork,b1
port,b1
portion,b2
portrait,a2
pose,b2
posh,b2
position,a2
positive,b1
positively,b1
possess,b1
possessed,b2
possession,b1
possessive,b1
possibility,b1
possible,a2
possibly,a2
post,a1
postal,b2
postcard,b1
poster,a1
postman,b1
postpone,b2
pot,b1
potato,a1
potent,b2
potential,b1
potentially,b2
pottery,b1
pound,b1
pour,a2
poverty,b1
powder,b1
power,a2
powerful,a2
powerfully,b2
practical,b1
practicality,b2
practically,b2
practice,a1
practise,a1
praise,b1
prance,b2
prawn,b2
pray,a1
prayer,b1
precede,b2
precious,b1
precise,a2
precisely,b2
predicament,b2
predicate,b2
predicative,b2
predict,a2
predictable,b2
prediction,a2
predictive,b2
predictor,b2
prefect,b2
prefer,a2
preferable,b2
preferably,b2
preference,b1
prefix,b1
pregnant,b1
prehistoric,b2
prehuman,b2
preindustrial,b2
prejudge,b2
prejudice,b1
preliminary,b2
preoccupy,b2
preparation,b1
prepare,a2
prepared,b1
preposition,b1
preschool,b1
prescribe,b2
prescription,b1
presence,b1
present,a1
presentation,b1
presenter,b2
preservation,b1
preserve,b1
presidency,b2
president,b1
presidential,b2
press,b1
pressure,a2
prestige,b2
prestigious,b2
presumably,b2
pretend,a2
pretty,a1
prevail,b2
prevent,a2
prevention,b2
preventive,b2
previous,b1
previously,b2
price,a1
priceless,b2
prick,b2
pride,a2
priest,b1
primarily,b1
primary,b2
prime,b2
primitive,b1
prince,a1
princess,a1
principal,a2
principle,b1
print,a2
printer,a2
prior,b2
priority,b2
prison,b1
prisoner,b1
privacy,b1
private,a2
privately,b2
privilege,b2
prize,b1
pro,a2
probability,b1
probable,b2
probably,a2
probe,b2
problem,a1
procedure,b2
proceed,b1
process,b1
proclaim,b1
procrastination,b1
produce,a2
producer,b1
product,a2
production,a2
productive,b1
profession,b1
professional,a2
professor,b1
profile,b2
profit,b2
profitable,b2
program,a1
programer,b2
programing,b2
programme,a1
programmer,b2
programming,b2
progress,b1
progressive,a2
prohibit,b2
prohibition,b1
project,b2
projection,b2
prom,b2
prominence,b2
prominent,b1
promise,a2
promote,b1
promotion,b1
prompt,b2
promptly,b2
pronoun,b1
pronounce,a2
pronunciation,a2
proof,b1
proper,a2
properly,b1
property,b1
proponent,b2
proportion,b1
proposal,b1
propose,b1
proposed,b2
prose,b2
prosecute,b2
prospect,b2
prosper,b2
prosperity,b1
prosperous,b1
protect,b1
protection,b1
protective,b1
protest,b1
proud,b1
proudly,b2
prove,b1
proven,b2
proverb,b1
provide,a2
provided,b1
province,b2
provision,b2
proximity,b2
psychological,b1
psychologically,b2
psychologist,a2
psychology,b2
pub,b1
public,a2
publication,b2
publicise,b2
publicity,b2
publicize,b2
publicly,b1
publish,a2
publisher,b1
pudding,b2
pull,a2
pullover,b1
pulse,b2
pump,b1
pumpkin,b2
punch,b2
punctual,b2
punctuality,b2
punctuation,a2
punish,b1
punishment,b1
pupil,b1
puppy,b1
purchase,b2
pure,b1
purify,b1
purple,a1
purpose,a2
purposeful,b2
purse,b1
pursue,a2
pursuit,b2
push,a1
put,a1
puzzle,b1
puzzled,b2
pyjamas,b2
quake,b1
qualification,b2
qualified,b1
qualify,b1
quality,a2
quantify,b2
quantity,b1
quarantine,b2
quarrel,b2
quarrelsome,b2
quarter,a1
queen,a2
queer,b2
query,b2
question,a1
questionnaire,b1
queue,b1
quick,a2
quickly,a1
quiet,a1
quietly,a2
quit,a2
quite,a2
quiz,a2
quotable,b2
quotation,b2
quote,b2
rabbit,a1
race,b1
racial,b1
racism,b2
racist,b2
rack,b2
racket,a2
radar,b2
radiate,b2
radiation,b1
radical,b2
radically,b2
radio,a1
radium,b2
rafter,b2
rag,b2
rage,b1
rail,b1
railroad,b1
railway,b1
rain,a1
rainbow,b2
raincoat,a2
rainfall,b1
rainforest,b1
rainstorm,b2
rainy,a1
raise,a2
rally,b2
ram,b2
ramp,b2
range,a2
ranger,b2
rank,b1
rap,a2
rape,b2
rapid,b1
rapidly,b1
rare,b1
rarely,b1
rash,b2
raspberry,b1
rat,a1
rate,a2
rather,a2
rating,a2
ration,b1
rational,b1
rattle,b2
ravage,b2
raw,a2
ray,a2
razor,b1
reach,a2
react,b1
reaction,b2
read,a1
reader,a1
readily,b2
reading,a1
ready,a1
real,a1
realisation,b2
realise,a2
realistic,b1
reality,b1
realization,b2
realize,a2
really,a1
rear,b2
rearrange,b1
reason,a1
reasonable,b1
reasonably,b2
rebel,b2
rebellious,b2
rebuild,b1
recall,b1
receipt,a2
receive,a2
recent,a2
recently,a2
reception,b1
receptionist,a2
recession,b2
recipe,b2
recite,b1
reckon,b2
reclaim,b1
recognise,b1
recognition,b2
recognize,b1
recollect,b2
recollection,b2
recommend,b1
recommendable,b2
recommendation,b2
reconsider,b2
record,a2
recording,b1
recover,b1
recovery,b1
recreation,b2
recruit,b2
rectangular,b2
recycle,a2
recycled,b1
recycling,b1
red,a1
redo,b2
reduce,b1
reduction,b1
redundant,b2
reed,b2
reef,b1
refer,a2
referee,b1
reference,b2
referent,b2
refinery,b2
reflect,a2
reflection,b1
reflective,b2
reform,b2
refrain,b2
refresh,b2
refreshments,b1
refrigerator,a2
refuge,b2
refugee,b2
refund,b1
refusal,b1
refuse,b1
refute,b2
regain,b1
regard,b1
regarding,b1
regardless,b2
reggae,b2
regime,b2
region,b1
regional,b1
register,b1
registration,b1
regret,a2
regrettably,b2
regular,a2
regularly,a2
regulate,b2
regulation,b1
rehearsal,b2
reinforce,b2
reinforcement,b2
reject,b1
rejection,b2
rejoin,b2
relate,b1
related,b2
relation,b1
relationship,b1
relative,b1
relatively,b1
relativity,b2
relax,a2
relaxation,b2
relaxed,a2
relaxing,b1
relay,b2
release,a2
relevant,b2
reliable,b1
relic,b2
relief,b2
relieve,b2
relieved,b2
religion,b1
religious,b1
reluctant,b2
rely,b1
remain,a2
remainder,b1
remaining,b2
remains,b2
remark,b1
remarkable,b1
remarkably,b2
remedy,b1
remember,a1
remembrance,b1
remind,a2
reminder,b2
remote,a2
remove,b1
renew,b1
rent,a2
rental,b2
reorganise,b2
reorganize,b2
repaint,b2
repair,a2
repay,b1
repeat,a1
repeatedly,b1
repertoire,b2
repetition,b2
replace,a2
replacement,b2
replica,b2
reply,a2
report,a2
reporter,a1
represent,a2
representative,b1
repress,b2
repression,b2
reprint,b2
reproduce,b1
reprove,b2
republic,b1
reputation,b1
request,a2
require,b1
requirement,b1
rescue,b1
research,a2
researcher,b1
resemble,b1
reservation,b1
reserve,b1
residence,b2
resident,b1
residential,b1
resign,b2
resignation,b2
resist,b1
resistance,b2
resolution,b2
resolve,b1
resonant,b2
resort,b1
resource,b1
respect,b1
respectable,b1
respectably,b2
respected,b2
respiration,b2
respiratory,b2
respond,b1
response,a2
responsibility,b1
responsible,b1
rest,b1
restaurant,a1
restore,b1
restrict,b1
restriction,b2
result,a1
resume,b2
retail,b1
retailer,b2
retain,b1
retard,b2
retell,b1
retina,b2
retire,a2
retired,a2
retirement,b2
retreat,b2
retrieve,b2
retrospect,b1
return,a2
reunification,b1
reunify,b1
reunion,a2
reveal,a2
revelation,b2
revenge,b2
revenue,b2
reverence,b2
reverse,b2
review,a1
revise,b1
revision,b1
revival,b2
revive,b2
revolution,b2
revolutionary,b2
revolutionise,b2
revolutionize,b2
revolve,b2
reward,b1
rewrite,b1
rhinoceros,b2
rhyme,b2
rhythm,a2
rhythmic,b2
rib,b2
ribbon,a1
rice,a1
rich,a1
rid,b1
riddle,b1
ride,a1
rider,b2
ridge,b2
ridiculous,b1
right,a1
right-hand,a2
righteousness,b2
rightly,b2
rim,b2
ring,a1
rip,b2
ripe,b1
rise,b1
risk,b1
risky,b2
rite,b2
ritual,b2
rival,b2
river,a1
road,a2
roadside,b1
roam,b2
roar,b2
roast,a2
rob,a2
robbery,a2
robin,a2
robot,b1
rock,a2
rocket,b2
rocky,b2
role,a1
roll,a2
rolling,b1
romance,a2
romantic,a2
roof,a2
room,a1
roommate,b2
root,a2
rope,a2
rose,a1
rosy,b2
rotten,b1
rough,b1
roughly,a2
round,a2
roundabout,a2
route,b2
routine,b1
row,a1
royal,a2
royalty,b2
rub,b2
rubber,b1
rubbish,b1
rubble,b2
rude,a1
rudely,b1
rug,b2
rugby,a2
ruin,a2
ruinous,b2
rule,a1
ruler,a1
rumor,a2
rumour,a2
run,a1
runaway,b1
runner,a2
running,a2
runway,b1
rural,b2
rush,a2
rusty,b2
sack,b2
sacred,b1
sad,a1
sadly,a2
sadness,b1
safari,b1
safe,a2
safeguard,b1
safely,b1
safety,b1
sag,b2
sage,b2
sail,b2
sailing,a2
sailor,a1
sake,a2
salad,a1
salary,b2
sale,a1
salesman,b1
salesmanship,b2
salesperson,b2
saleswoman,b2
salmon,b1
salon,b2
salsa,b2
salt,a2
salty,b2
same,a1
sample,a2
sand,b1
sandal,b1
sandstone,b2
sandwich,a1
sandy,a2
sanitary,b2
sanitation,b2
satellite,b1
satisfaction,b1
satisfactory,b2
satisfied,b1
satisfy,a2
saturday,a1
sauce,a2
saucepan,b1
saucer,b1
sausage,a2
save,a1
saving,b2
savings,b2
saw,a1
say,a1
scale,a2
scan,b1
scandal,b2
scar,b2
scarcely,b2
scare,b1
scared,b1
scarf,a2
scarlet,b2
scary,b1
scatter,b1
scene,a2
scenery,a2
scenic,b1
scent,b2
schedule,a2
scheduled,b2
scheme,b2
scholar,b1
scholarship,b1
scholasticism,b2
school,a1
schoolchild,a2
schoolgirl,b2
schoolmate,b1
schoolteacher,b1
schoolwork,a2
science,a1
scientific,a2
scientifically,b2
scientist,a1
scissors,a2
scold,b1
scooter,b2
scope,b1
score,b1
scramble,b2
scratch,b1
scream,a2
screen,a2
screw,a2
scribble,b2
script,a2
scrooge,b2
scuba,b2
sculpture,b1
scythe,b2
sea,a1
seafood,a2
seal,b2
search,a2
seaside,a2
season,b1
seasonal,b2
seat,a1
seawater,b1
seaweed,b1
second,a1
second-hand,b1
secondary,b2
secondly,b2
secret,a2
secretary,a2
secretly,b1
section,a1
sector,b2
secure,b1
security,b1
see,a1
seed,a2
seek,a2
seem,a2
seesaw,b2
segment,b2
seize,b1
seldom,b2
select,b1
selection,b1
self,a1
self-confidence,b2
self-confident,b2
self-service,b1
selfish,b1
selfless,b2
sell,a1
seller,b2
semester,a2
semi-final,b2
semicolon,b2
seminar,b2
senator,b2
send,a2
senior,a2
sensation,b1
sense,a2
sensible,b2
sensitive,b2
sentence,a1
separate,a2
separately,b2
separation,b1
september,a1
sequence,b1
serene,b2
serial,b2
series,b1
serious,b1
seriously,a2
servant,b2
serve,a2
server,b1
service,b1
session,b1
set,a1
setback,b2
setting,b1
settle,b1
settlement,b1
settler,b1
seven,a1
seventeen,a1
seventy,a1
several,a2
severe,b1
severely,b1
sew,a2
sex,b1
sexism,b2
sexual,b2
sexy,b2
shabby,b2
shade,a2
shadow,a2
shadowy,b1
shake,a1
shaken,b2
shakespearean,b2
shaky,b2
shall,a2
shallow,b1
shame,b1
shameful,b1
shampoo,a2
shape,a2
share,a1
sharp,b1
sharply,b2
shatter,b2
shave,b1
she,a1
shed,b2
sheep,a1
sheer,b1
sheet,b1
shelf,a1
shell,a2
shelter,b1
sheriff,b1
shield,b2
shift,b1
shine,a2
shiny,b1
ship,a1
shipping,b2
shipwreck,b2
shirt,a1
shiver,b1
shock,a2
shocked,b1
shocking,b1
shoe,a1
shoot,a2
shooting,b2
shop,a1
shopkeeper,b2
shoplift,b2
shoplifter,b2
shoplifting,b2
shopper,b1
shopping,a1
shore,a2
short,a1
short-term,b2
shortage,b1
shortly,b1
shortness,b2
shorts,a2
shot,a2
should,a1
shoulder,a1
shout,a2
show,a1
showbiz,b2
showcase,b2
shower,a1
shrimp,b1
shrink,b2
shrug,b2
shut,a2
shy,a1
sick,a1
sickness,b1
side,a1
sidewalk,b1
sigh,b1
sight,a1
sightseeing,a2
sign,a1
signal,b1
signature,b1
significance,b1
significant,a2
significantly,b2
signify,b2
signpost,b1
silence,a2
silent,b1
silently,a2
silk,b1
silly,a2
silver,a2
silverware,b2
similar,a2
similarity,b1
similarly,b1
simple,a2
simplification,b2
simplify,b1
simply,a2
simultaneous,b2
simultaneously,b1
since,a2
sincere,b2
sincerity,b2
sing,a1
singer,a1
singing,a2
single,a2
singular,a2
sink,a2
sir,a1
sister,a1
sister-in-law,b2
sit,a1
site,a1
situation,a2
six,a1
sixteen,a1
sixty,a1
size,a1
skate,a2
skateboard,b2
skateboarder,b2
skateboarding,a2
skating,a2
skeleton,b1
sketch,b2
ski,a2
skiing,a2
skilful,b2
skilfully,b2
skill,a1
skilled,b2
skillful,b2
skillfully,b2
skim,b2
skin,b1
skip,b2
skirt,a1
sky,a1
skylark,b2
skyscraper,b1
skyward,b2
skywards,b2
slam,b2
slang,b2
slap,b2
slash,b2
slaughter,b2
slave,a2
slavery,b1
sleep,a1
sleepless,a2
sleepy,a2
sleeve,b1
slice,a2
slide,a2
slight,b1
slightly,b1
slim,a2
slip,b1
sliver,b2
slogan,b1
slope,b1
sloppy,b2
slot,b1
slow,a1
slowly,a2
small,a1
smart,a1
smash,b2
smell,a1
smile,a1
smith,a1
smoke,a1
smoker,b1
smokestack,b2
smoking,a1
smooth,a2
smoothly,a2
snack,a2
snake,a1
snap,b2
sneak,b2
sneer,b2
sneeze,b1
sniff,b2
snore,b2
snow,a1
snowball,b2
snowboard,b1
snowboarding,a2
snowstorm,b1
snowy,a1
so,a1
so-called,b2
soak,b2
soaked,b2
soaking,b2
soap,a2
soar,b2
sob,b2
soccer,a1
sociable,b2
social,a1
socialise,b2
socialize,b2
socially,b1
society,a2
sock,a2
soda,a2
sofa,a1
soft,a2
softly,a2
softness,b2
software,a2
soil,b1
solar,b2
soldier,a2
solid,b1
solidity,b2
soliloquy,b2
solo,b2
solution,a2
solve,a1
solvent,b2
some,a1
somebody,a2
someday,a2
somehow,b1
someone,a1
someplace,b1
something,a1
sometime,b1
sometimes,b1
somewhat,b2
somewhere,a2
son,a1
son-in-law,b2
song,a1
sonnet,b2
soon,a1
soothe,b1
sophisticated,b2
sophomore,b1
sore,b1
sorrow,b1
sorry,a1
sort,b1
soul,b1
sound,a2
soundtrack,b2
soup,a1
sour,b1
source,a2
south,a2
southeast,b1
southern,b1
southward,b2
southwards,b2
southwest,b1
souvenir,b1
soviet,b2
soybean,b2
spa,b2
space,a2
spaceship,a2
spaghetti,a2
span,b2
spare,b2
sparerib,b2
spark,b2
sparkle,b1
sparkling,b2
sparrow,b2
speak,a1
speaker,a2
special,a1
specialise,b1
specialist,b1
specialize,b1
specially,b1
specialty,b2
species,b2
specific,a2
specifically,b2
specify,b2
spectacle,b2
spectacular,b1
spectator,b1
speech,a1
speed,a2
speeder,b2
spell,a1
spellbound,b2
spelling,b1
spend,a1
sphere,b1
spice,b1
spicy,b1
spider,b1
spill,a2
spin,b2
spinach,b1
spiral,b1
spirit,b1
spiritual,b1
spite,b2
splash,a2
splatter,b2
split,a2
spoil,b1
spokesman,b2
spokeswoman,b2
sponge,b1
sponsor,b1
spoon,a2
sport,a1
sports,b1
sportsmanship,b1
spot,a1
spray,b2
spread,a2
spreadsheet,b2
spring,a1
sprint,b2
spur,b2
spy,a1
squad,b2
square,a2
squash,b2
squeeze,b2
stab,b2
stability,b2
stable,b1
stack,b2
stadium,a2
staff,a2
stage,a1
stagger,b2
stain,b2
stair,a2
stake,b2
stall,b1
stammer,b2
stamp,a2
stand,a1
standard,b1
standby,b2
standstill,b2
stanza,b2
star,a1
stare,b1
start,a1
startle,b2
starvation,b2
starve,b2
starving,b2
state,a2
statement,a2
statesman,b2
statewide,b2
station,a1
statistics,b2
statue,a2
status,b1
stay,a1
steadily,b1
steady,b1
steak,a2
steal,a2
steam,b1
steel,b1
steely,b2
steep,b1
steer,b2
stem,b1
step,a1
stepfather,b2
stepmother,b2
stereotype,b2
stern,b2
stew,b2
stick,b1
sticker,b1
sticky,b1
stiff,b2
still,a1
stimulant,b2
stimulate,b2
stimulation,b2
stingy,b2
stink,b2
stir,b1
stitch,b2
stock,b2
stockpile,b2
stomach,a2
stomachache,a2
stone,a1
stonework,b2
stool,b2
stop,a1
stopover,b2
stopwatch,b2
storage,b1
store,a1
storey,a1
storm,a2
stormy,b1
story,a1
storyteller,b1
stove,a2
straight,a1
straighten,b2
straightforward,b2
strain,b1
strait,b2
strand,b2
strange,a1
strangely,b1
stranger,a2
strangle,b2
strategic,b1
strategy,a2
straw,b1
strawberry,b1
stream,b1
street,a1
strength,a2
strengthen,b1
stress,b1
stressed,b1
stressful,b1
stretch,b1
stricken,b1
strict,a1
strictly,b2
stride,b2
strike,a2
striking,b2
string,a2
strip,b1
stripe,b1
strive,b2
stroke,b2
strong,a1
strongly,a2
structure,a2
struggle,b1
stubborn,b1
stubbornly,b2
stuck,b1
student,a1
studio,b1
study,a1
stuff,a2
stuffed,b1
stumble,b1
stun,b1
stunning,b1
stupid,b1
style,a2
stylish,b1
stylist,b2
subconscious,b1
subcontinent,b2
subculture,b2
subdivision,b2
subject,a1
subjunctive,b2
submarine,b1
submit,b2
subplot,b2
subside,b2
substance,b2
substantial,b1
substitute,b1
subtitle,b2
subtle,b2
subtract,b2
suburb,b2
subway,a1
succeed,a2
success,a2
successful,a1
successfully,a2
successive,b2
such,a2
suck,b2
sudden,a2
suddenly,b1
sue,b2
suffer,b1
suffering,b2
sufficient,b1
sufficiently,b2
suffix,b1
sugar,a1
suggest,a2
suggestion,a1
suicide,b1
suit,a2
suitable,a2
suitably,b2
suitcase,a2
sulfur,b2
sulphur,b2
sum,a1
summarise,b1
summarize,b1
summary,a2
summer,a1
summit,b1
sun,a1
sunbathe,b1
sunbeam,b2
sunday,a1
sundial,b1
sunflower,a2
sunglasses,a2
sunlight,a2
sunny,a1
sunrise,b1
sunset,b1
sunshine,a1
super,a1
superb,b2
superintendent,b2
superior,b1
superlative,a2
supermarket,a1
supernatural,b2
superstar,a2
superstition,b1
supervise,b2
supervision,b2
supervisor,b2
supper,a2
supplement,b2
supplier,b2
supply,b1
support,a2
supporter,b1
supportive,b1
suppose,b1
supposedly,b1
suppress,b2
sure,a1
surely,b1
surf,a1
surface,b1
surfing,a2
surge,b2
surgeon,b1
surgery,b1
surname,a2
surprise,a1
surprised,a2
surprising,a2
surprisingly,b1
surrender,b2
surround,b1
surrounding,b1
surroundings,b2
surveillance,b2
survey,a1
survival,b1
survive,a2
survivor,b1
suspect,b1
suspend,b2
suspicion,b1
suspicious,b2
suspiciously,b2
sustain,b2
swallow,a2
swan,b2
swarm,b1
swear,b1
sweat,a2
sweater,a2
sweatshirt,b1
sweep,b2
sweet,a1
sweetheart,a2
swell,b1
swift,b2
swim,a1
swimmer,b1
swimming,a1
swimsuit,a2
swing,b2
switch,b1
swollen,b1
sword,b1
syllable,b2
symbol,a2
symbolic,b2
sympathetic,b2
sympathise,b2
sympathize,b2
sympathy,b1
symphony,a2
symptom,b1
syndrome,b1
synonym,b2
system,a2
systematic,b1
t-shirt,a1
table,a1
tablecloth,b2
tablespoon,a2
tablet,b1
tabloid,b2
tack,b2
tackle,b2
tactile,b2
tag,b2
tail,b2
take,a1
take-off,b1
takeaway,b1
takeoff,b1
tale,b1
talent,a2
talented,b1
talk,a1
talkative,b1
tall,a1
tame,b2
tan,b2
tank,b1
tanned,b2
tap,a2
tape,a2
target,a2
task,a2
taste,b1
tasteless,b1
tasty,b1
tatter,b2
tattoo,b2
taunt,b2
tax,b1
taxi,a1
tea,a1
teach,a1
teacher,a1
teaching,b1
team,a1
teammate,b1
teamwork,b1
tear,a2
tease,b1
teaspoon,b2
technical,b2
technically,b2
technique,b1
technological,b1
technology,a1
tee-shirt,a1
teen,b1
teenage,a2
teenager,a2
telecommunications,b1
telegram,b1
telephone,a1
telescope,b2
television,a1
tell,a1
teller,b1
temper,b1
temperate,b2
temperature,a2
temple,a1
temporarily,b2
temporary,b1
tempt,b1
temptation,b2
ten,a1
tend,b1
tendency,b1
tender,b2
tenderly,b2
tenderness,b2
tennis,a1
tense,b1
tension,b1
tent,b1
term,b1
terminal,b1
terrace,b2
terrible,a1
terribly,b1
terrific,b1
terrified,b1
terrify,a2
terrifying,b2
territory,b2
terror,b1
terrorism,b1
terrorist,a2
test,a1
testify,b2
testimony,b2
text,a2
textbook,a2
than,a1
thank,a1
thankful,b1
thanks,a1
that,a1
the,a1
theater,a1
theatre,a1
theft,b1
their,a1
theirs,a2
them,a1
theme,b2
themselves,a2
then,a1
theorist,b2
theory,b1
therapist,b2
therapy,b2
there,a1
thereafter,b2
therefore,a2
thermometer,b2
these,a1
thesis,b2
they,a1
thick,a1
thickly,b2
thickness,b2
thief,a2
thigh,b2
thin,a1
thing,a1
think,a1
thinker,b2
third,a2
thirdly,b2
thirst,b1
thirsty,a2
thirteen,a1
thirty,a1
this,a1
thorough,b1
thoroughly,b2
those,a1
though,a2
thought,a2
thoughtful,b2
thoughtless,b2
thousand,a2
thread,b2
threat,b1
threaten,b2
threatening,b1
three,a1
thrill,b2
thrilled,b2
thriller,b1
thrilling,b2
throat,b2
through,a1
throughout,b1
throw,a1
thumb,b1
thump,b1
thunder,b1
thunderous,b1
thunderstorm,a2
thursday,a1
thus,b1
tick,b1
ticket,a1
tickle,b2
tide,b1
tidy,a2
tie,a2
tiger,a1
tight,a1
tighten,b1
tightly,b1
tightrope,b2
tights,a2
tile,b1
till,a2
time,a1
timeless,b2
timeliness,b2
timely,b1
times,b2
timetable,a2
timing,b2
tin,b1
tiny,b1
tip,a2
tiptoe,b2
tire,b1
tired,a1
tiredness,b2
tiresome,b2
tiring,b1
tissue,b1
title,a2
to,a1
toast,a2
tobacco,b1
today,a1
toe,a2
toenail,b2
together,a1
toil,b2
toilet,a1
tolerant,b2
tolerate,b2
toll,b2
tomato,a1
tomb,b2
tomorrow,a1
ton,b2
tone,a2
tongue,b1
tonight,a1
tonne,b2
too,a1
tool,a1
tooth,a1
toothache,a2
toothbrush,a2
toothpaste,b1
top,a1
topic,a1
torch,b2
tornado,b1
tortoiseshell,b2
torture,b2
toss,b1
total,b1
totally,b1
touch,a1
tough,b2
tour,a2
tourism,b1
tourist,a2
tournament,b1
toward,a2
towards,a2
towel,a1
tower,a1
town,a1
toxic,b2
toy,a1
trace,b1
track,a2
tracksuit,b1
trade,a2
trader,b2
tradition,a2
traditional,a2
traditionally,b1
traffic,a2
tragedy,b1
tragic,b1
trail,b1
trailer,b2
train,a1
trainee,b2
trainer,b2
training,a2
trait,b2
traitor,b2
tram,a2
tramp,b2
trample,b2
transcript,b2
transfer,b1
transform,b1
transformation,b1
transfusion,b2
transient,b2
transistor,b2
transition,b2
transitional,b1
transitive,b2
translate,b1
translation,b2
translator,b2
transmission,b2
transmit,b2
transparent,b2
transport,b1
transportation,b1
trap,a2
trash,b1
travel,a1
traveler,a2
traveller,a2
traverse,b2
tray,b2
tread,b2
treasure,a2
treat,b1
treatment,b1
treaty,b2
tree,a1
trek,b2
tremble,b1
tremendous,b1
tremendously,b2
tremor,b2
trend,b1
trial,b2
triangle,b2
tribe,b2
trick,a2
tricky,b2
trigger,b1
trim,b1
trio,b2
trip,a1
triumph,b1
trivial,b2
trolley,b2
troop,b2
trophy,b2
tropic,b2
tropical,b1
trouble,a2
troublesome,b2
trousers,a1
truck,a1
true,a1
truly,a2
trumpet,b1
trunk,b2
trust,a2
trustworthy,b1
trusty,b2
truth,a2
truthful,b2
truthfulness,b2
try,a1
tub,b2
tube,a1
tuberculosis,b2
tuesday,a1
tug,b2
tuition,b2
tulip,b2
tumble,b1
tumor,b2
tumour,b2
tuna,b1
tune,a2
tunnel,b2
turbulence,b1
turbulent,b2
turkey,a1
turn,a1
turning,b1
turtle,b1
tutor,b2
tv,a1
twelve,a1
twenty,a1
twice,a2
twin,b1
twinkle,b2
twist,b1
twisted,b2
two,a1
type,a1
typhoid,b2
typical,b1
typically,b1
tyranny,b2
tyrant,b2
ugly,a1
ultimate,b2
ultimately,b2
umbrella,a1
unable,b1
unacceptable,b2
unafraid,b1
unashamedly,b2
unattractive,b2
unauthorised,b2
unauthorized,b2
unavailable,b2
unaware,b2
unbearable,b2
unbeatable,b2
unbelievable,b1
uncertain,a2
uncertainty,b1
unchanged,b2
uncharacteristic,b2
uncle,a1
unclear,b1
unclearly,b2
uncomfortable,a2
uncomfortably,b2
uncommon,b2
unconcerned,b2
unconscious,b2
uncontrollable,b1
uncover,b1
under,a1
underage,b1
underestimate,b2
undergo,b1
undergraduate,b2
underground,b2
underline,a1
underneath,b1
underpants,b1
undersea,b2
understand,a2
understandable,b2
understanding,b2
undertake,b2
underwater,a2
underwear,b2
undo,b1
undoubtedly,b2
undreamed,b2
undress,b1
undressed,b2
unease,b2
uneasily,b2
uneasy,a2
unemployed,b1
unemployment,b1
unenthusiastic,b2
uneven,b2
unexpected,b1
unexpectedly,b1
unfair,a2
unfairly,b1
unfamiliar,b2
unfashionable,b2
unfit,b1
unfold,b1
unforeseen,b2
unforgettable,a2
unfortunate,b1
unfortunately,a2
unfriendly,b1
ungodly,b2
unhappiness,b2
unhappy,a2
unhealthy,a2
unheard,b1
unhelpful,b2
uniform,a2
unify,b1
unimaginable,b2
unimaginably,b2
unimportant,a2
uninterested,b1
uninteresting,b1
union,b1
unique,b1
unit,a2
unite,b1
united,b2
universal,b2
universe,b1
university,a2
unjustly,b2
unkind,b2
unknown,a2
unless,b1
unlike,a2
unlikely,b1
unlimited,b2
unload,b2
unlock,b2
unlucky,b1
unmistakable,b2
unmistakably,b2
unnatural,b2
unnecessary,a2
unofficial,b2
unpack,b1
unpleasant,a2
unpopular,b2
unpredictable,b1
unrealistic,b2
unreasonable,b2
unrelated,b1
unreliable,b2
unrest,b2
unsafe,b2
unsatisfactory,b2
unselfish,b2
unstoppable,b2
unsuccessful,b2
unsuitable,b2
unsure,b2
untalented,b2
unthinkably,b2
untidy,b1
untie,b2
until,a1
unto,b2
untreated,b2
untrimmed,b2
unusual,a2
unusually,b1
unusualness,b2
unwanted,b1
unwell,b1
unwilling,b2
unwise,b2
unworldly,b2
up,a1
up-to-date,b1
upbringing,b2
update,b1
upgrade,b2
uplifted,b1
upload,b1
upon,a2
upper,b1
upright,b2
upset,a2
upstairs,a2
upward,b1
urban,b2
urge,b1
urgent,b1
urgently,b2
us,a1
usage,b1
use,a1
used,a2
useful,a2
useless,b1
user,b2
usher,b2
usual,a2
usually,a1
utilise,b2
utility,b2
utilize,b2
utter,b2
utterly,b2
vacancy,b1
vacant,b2
vacation,a1
vaccine,b2
vague,b1
vain,b1
valentine,b2
valid,b2
valley,a2
valuable,b1
value,a2
van,b1
vanish,b2
vanity,b2
variation,b2
varied,b2
variety,b1
various,b1
vary,b1
vase,a1
vast,b1
vegetable,a1
vegetarian,b1
vehicle,b1
vein,b1
venture,b2
venue,b2
verb,a2
verbal,b2
verbally,b2
verse,b2
version,b2
versus,b2
very,a1
vessel,b1
vet,b1
veteran,b2
via,b1
vibrate,b2
vibration,b2
vice,b1
victim,b1
victory,b1
video,a1
view,a2
viewer,b2
viewpoint,b1
vigor,b2
vigorous,b2
vigorously,b2
vigour,b2
villa,b2
village,a2
villager,b2
vinegar,b2
violate,b2
violence,b1
violent,a2
violently,b1
violin,a2
virtual,b1
virtually,b2
virtue,b2
virus,b1
visa,b1
visible,b1
visibly,b2
vision,b1
visit,a1
visitor,a2
visual,b1
visually,b1
vital,b2
vitamin,b2
vivid,b1
vividly,b1
vocabulary,a2
vocalist,b2
voice,a2
volcano,b1
volleyball,a1
volume,b1
volunteer,b1
vomit,b2
vote,a1
voter,b2
vow,b2
vowel,b1
voyage,b1
wage,b2
waggon,b1
wagon,b1
waist,b2
waistcoat,b2
wait,a1
waiter,a1
waitress,a1
wake,a1
walk,a1
walkabout,b2
walker,b2
walking,a2
wall,a1
wallboard,b2
wallet,a2
walnut,b2
wander,a2
want,a1
war,a1
ward,b1
wardrobe,b1
warm,a1
warmly,b1
warmth,b1
warn,b1
warning,b1
warranty,b1
warrior,b1
warship,b2
wartime,b2
was,a1
wash,a1
washbowl,b1
washing-up,a2
wasp,b2
waste,b1
wasteful,b1
watch,a1
water,a1
waterfall,b1
waterproof,b2
wave,a2
wax,b1
way,a1
we,a1
weak,a2
weaken,b2
weakly,b2
weakness,b1
wealth,a2
wealthy,b2
weapon,b1
wear,a1
wearisome,b2
weary,b2
weather,a1
weave,b2
web,a2
webcam,b1
website,a2
wed,b2
wedding,a2
wednesday,a1
weed,b2
week,a1
weekday,a2
weekend,a1
weekly,a2
weep,a2
weigh,a2
weight,a2
weird,b1
welcome,a1
welfare,b2
well,a1
well-balanced,b2
well-built,b2
well-dressed,b1
well-known,a2
well-organised,b2
well-organized,b2
well-paid,b2
were,a1
west,a2
western,b2
westward,b1
westwards,b1
wet,a2
wetland,b1
whale,b1
what,a1
whatever,a2
wheat,b2
wheel,a1
wheelchair,a2
when,a1
whenever,b1
where,a1
whereas,b2
wherever,b1
whether,b1
which,a1
whichever,b1
while,a2
whip,b2
whiskey,b2
whisky,b2
whisper,b1
whistle,b1
white,a1
who,a1
whoever,b1
whole,a2
whom,a2
whose,a1
why,a1
wide,a2
widely,a2
widen,b2
widespread,b1
widow,b2
width,b2
wife,a1
wild,a2
wilderness,b2
wildlife,b1
wildly,b1
will,a1
willing,b2
willingly,b2
willingness,b1
win,a1
wind,a1
winding,b2
window,a1
windscreen,b1
windshield,b2
windsurfing,b1
windy,a2
wine,a2
wing,b1
wink,b2
winner,a2
winter,a1
wipe,b2
wire,b1
wisdom,a2
wise,a2
wish,a1
wit,b2
with,a1
withdraw,b2
withdrawal,b2
wither,b1
within,a2
without,a2
witness,b1
witty,b2
wizard,b1
wolf,b2
woman,a1
wonder,a2
wonderful,a1
wondrous,b2
wood,a2
woodcarving,b2
wooden,a2
wool,a2
word,a1
wordlessly,b2
work,a1
workaholic,b2
workbench,b2
worker,a1
working,b1
workman,b2
workout,b1
workplace,b1
workshop,b1
worktable,b2
world,a1
worldly,b2
worldview,b2
worldwide,a2
worm,b2
worn,b1
worn-out,b2
wornout,b2
worried,a2
worry,a1
worrying,b2
worse,a2
worsen,b2
worship,b2
worst,a2
worth,b1
worthless,b2
worthwhile,b1
worthy,b1
would,a1
wound,b1
wrap,b1
wrapping,b1
wreck,b2
wrist,b1
wristwatch,b1
write,a1
writer,a1
writing,a2
written,b1
wrong,a1
wrongly,b2
x-ray,b2
yacht,b2
yard,a1
yawn,b2
yeah,a2
year,a1
yearn,b2
yell,b1
yellow,a1
yes,a1
yesterday,a1
yet,a1
yield,b2
yoga,b1
yoghourt,a1
yoghurt,a1
yogurt,a1
you,a1
young,a1
your,a1
yours,a1
yourself,a1
youth,a2
youthful,b2
yummy,b2
zebra,b2
zip,b2
zone,a2
zoo,a1
zoom,b2
